POS	QUAL
4	1.40869e-11
5	0
7	0
8	0
11	2.83589e-11
14	1.10782e-11
17	2.51188e-11
20	0
22	5.61624e-12
25	1.37629e-11
27	0
31	0
38	0
42	0
43	0
48	0
53	0
55	1.40406e-12
57	8.27007e-12
59	0
60	1.47041e-11
65	0
66	5.33852e-12
69	0
72	0
73	0
79	5305410
88	1625350
91	8.1775e-12
95	3.86117e-12
97	0
98	0
99	0
100	137454
103	6.24885e-13
106	0
107	0
108	0
111	3.91903e-12
116	0
117	0
122	1.60464e-12
125	1.50435e-13
126	8.48608e-13
129	0
135	1.53521e-12
136	0
147	2.6384e-12
150	0
151	0
152	0
158	1.73579e-12
159	0
165	1.51207e-12
168	0
171	3.60273e-12
174	2.1871e-12
175	7.79177e-13
176	3.03185e-12
179	1.41949e-12
180	0
183	0
186	0
187	0
188	9.21898e-13
194	1.22662e-12
196	6.09455e-13
197	0
199	0
200	3.23243e-12
201	2.4031e-12
202	3.06656e-12
204	5.15337e-12
205	1.0569e-12
206	0
207	1.61621e-12
208	0
209	1.64321e-12
210	2.46482e-12
211	1.02604e-12
212	3.27486e-12
213	0
214	2.10995e-12
217	0
221	0
222	0
223	0
224	3.12442e-12
226	1.0029e-12
228	0
229	2.42239e-12
230	6.24885e-13
231	1.06076e-12
232	4.3819e-12
233	0
234	3.64902e-12
235	0
237	0
240	4.08103e-12
244	0
245	3.65673e-12
246	1.89394e-12
247	2.76955e-12
248	1.24977e-12
249	3.05885e-12
250	0
253	7.27489e-12
259	1.48121e-11
260	1.52749e-12
262	5.80139e-12
263	0
267	0
269	0
272	0
273	5.82454e-12
274	4.2739e-12
275	0
281	7.69148e-12
285	1.23434e-12
291	0
298	0
300	0
302	9.60471e-13
308	0
309	0
310	6.8583e-12
311	0
314	0
315	7.68376e-12
318	0
325	7.64519e-12
327	0
330	7.79177e-13
331	0
333	5.1688e-13
334	0
336	0
337	0
338	0
339	6.07912e-12
341	7.62204e-12
347	2.52268e-12
352	1757590
359	0
363	5.57767e-12
364	0
367	2.81584e-13
368	3.87274e-12
370	2.9547e-12
371	0
375	3.98846e-12
376	0
377	7.4909e-12
383	0
384	0
385	7.46004e-12
386	9.79757e-13
387	0
388	7.2826e-12
389	1.32691e-12
391	4.3819e-12
395	1.78979e-12
398	4.93736e-13
399	4.99907e-12
400	5.95569e-12
406	1.97494e-12
407	0
408	7.34432e-12
409	0
410	6.542e-12
411	9.35012e-12
414	1.75893e-12
417	1.34852e-11
420	0
432	0
435	0
438	0
447	0
451	0
452	0
456	1.54292e-12
459	1.01833e-11
461	0
465	0
468	2.4193e-11
469	2.16627e-11
470	6.1717e-12
471	0
473	0
474	289101
480	0
486	7.34432e-12
489	268795
492	0
496	6.63457e-12
497	1.22971e-11
498	0
499	9.68185e-13
500	48019.2
507	4.21218e-12
508	0
509	0
510	1.14948e-12
511	0
512	262944
520	0
524	7.76091e-12
531	4.3279e-12
532	0
533	0
534	3.70302e-12
535	2.96241e-12
537	5.10708e-12
541	1.1572e-13
543	0
546	4.01161e-13
547	4.32019e-13
548	0
563	1.88622e-12
566	3.04727e-13
569	0
571	0
574	6.0174e-13
577	0
578	7.55261e-12
583	0
584	2.8737e-12
589	0
590	0
591	4.79078e-12
594	1.33463e-12
595	0
602	1.48121e-12
603	0
605	0
607	0
609	0
611	0
612	0
615	7.15917e-12
618	5.82454e-13
620	1.04919e-12
621	0
624	8.56323e-13
626	3.325e-12
629	0
634	6.48028e-13
635	3.61816e-12
642	0
647	8.06178e-13
652	2.33753e-12
654	3.69145e-12
657	4.01161e-13
661	7.66062e-12
662	0
664	3.14756e-12
665	7.52947e-12
666	0
669	0
672	2.80426e-12
673	6.81972e-12
677	3.30957e-12
682	1.09548e-12
683	0
684	0
685	1.14176e-12
686	1.50435e-12
691	0
692	1.82837e-12
693	9.99043e-13
694	2.03666e-12
696	0
699	0
700	0
701	7.0203e-13
702	7.8612e-12
703	0
707	4.9605e-12
717	0
720	1.38092e-12
721	0
722	0
723	7.48319e-13
725	7.64519e-12
727	0
728	0
729	4.81392e-12
734	0
736	1.0029e-12
737	7.85348e-12
739	0
744	0
750	1.19191e-12
754	3.54873e-13
755	1.40792e-12
759	1.04533e-12
763	0
766	0
772	1.82065e-12
774	0
783	1.72807e-12
789	2.66926e-11
793	1.43183e-11
799	6.77344e-12
802	6.24885e-13
810	3.13985e-12
816	3.74931e-12
822	0
833	2.80812e-12
838	3.08585e-11
842	0
846	0
848	2.54583e-13
851	7.66833e-12
852	0
853	1.31457e-11
858	0
865	2.02123e-12
868	0
870	0
876	0
879	0
880	0
882	0
889	0
891	7.82262e-12
892	0
897	0
900	13093.9
911	0
912	6.19484e-12
915	0
919	6.94316e-12
929	0
933	1.52132e-11
935	0
943	10912800
946	0
950	0
951	5.24594e-13
957	0
958	1.55835e-11
961	2.17244e-11
962	0
969	0
984	3.12056e-12
990	3.47158e-12
993	0
996	0
999	1.51207e-12
1002	1.46578e-11
1011	0
1014	0
1017	0
1029	0
1038	0
1039	3.38286e-12
1047	8626.93
1062	5.93254e-12
1071	0
1074	4.6288e-14
1083	0
1110	0
1118	0
1128	2.46096e-12
1133	0
1140	0
1145	7.29803e-12
1146	0
1147	0
1149	0
1154	3.10745e-11
1155	0
1158	4.81392e-12
1165	6.35685e-12
1166	420926
1167	7.56033e-12
1175	0
1185	0
1186	0
1187	0
1188	6.38771e-12
1191	0
1195	0
1203	0
1215	0
1218	6.0174e-13
1220	2434090
1225	2.96241e-12
1234	1.10936e-11
1240	1.24668e-11
1242	3.67216e-12
1245	2.29587e-11
1246	0
1249	0
1250	0
1258	2.30821e-11
1263	3.94989e-12
1270	7.35975e-12
1274	4.08566e-11
1276	4.56706e-12
1281	6.58829e-12
1291	0
1292	0
1295	2.25267e-12
1299	7.69919e-12
1304	664829
1314	6.35685e-12
1317	0
1318	1.23434e-11
1326	1.40406e-11
1327	0
1329	2.16009e-12
1330	4.8525e-12
1331	9.24211e-12
1335	1.38555e-11
1337	0
1338	1.69722e-13
1339	2892490
1341	379956
1347	4.16589e-12
1349	444907
1356	0
1363	1.93483e-11
1364	0
1365	0
1367	6.66543e-11
1374	2.46868e-12
1380	8.45522e-12
1382	6.53428e-12
1383	0
1389	3105240
1395	0
1396	450698
1397	8.00778e-12
1398	0
1402	4.0656e-12
1403	0
1407	0
1410	1.2112e-12
1415	1.3192e-12
1416	0
1420	0
1422	0
1424	8.11578e-12
1426	0
1427	2.91613e-12
1428	9.72042e-12
1431	2.76183e-12
1432	0
1434	1.09239e-11
1437	7.59119e-12
1440	6.83515e-12
1441	2.62297e-12
1442	4.04246e-12
1443	0
1446	1.42875e-11
1447	0
1453	0
1454	7.35203e-12
1456	4.58248e-12
1457	10841000
1460	3.61044e-12
1464	0
1465	3.69067e-11
1466	0
1467	0
1470	5.59773e-11
1473	4.84478e-12
1475	0
1478	1.31149e-12
1479	0
1484	0
1488	4.63649e-12
1489	1.72036e-12
1490	2.18478e-11
1491	5.92483e-12
1493	0
1496	0
1497	1.05845e-11
1498	3.62587e-12
1499	0
1500	0
1504	7.6529e-12
1505	6.1717e-14
1506	0
1507	0
1508	9.75128e-12
1510	9.62785e-12
1511	1.0245e-11
1512	0
1517	7527880
1520	0
1524	0
1526	7.93063e-12
1527	0
1530	1.08776e-11
1531	0
1532	1.20348e-12
1534	0
1535	2.9007e-12
1536	0
1540	0
1544	0
1546	3.9576e-12
1547	0
1548	0
1551	0
1554	6.37999e-12
1558	409174
1561	0
1562	1.81294e-12
1569	0
1572	1.2436e-11
1577	0
1578	4.45905e-12
1584	0
1587	0
1590	0
1597	4.33562e-12
1608	0
1619	0
1620	6.06678e-11
1626	0
1627	0
1629	0
1633	2.17552e-12
1636	1.79596e-11
1638	7.96149e-12
1641	7.0203e-13
1643	0
1644	0
1646	3.39058e-12
1647	0
1657	0
1662	9.87472e-13
1689	5280130
1691	0
1697	4091440
1709	8.64037e-13
1711	7.15917e-12
1716	1.38092e-12
1719	1.30068e-11
1729	0
1734	1.78979e-11
1736	1.31766e-11
1740	1.93791e-11
1746	0
1749	1.58304e-11
1750	3.11362e-11
1751	0
1764	0
1767	0
1770	2.11381e-12
1771	0
1774	2.70012e-11
1775	0
1779	0
1788	3.04882e-11
1794	2.95624e-11
1799	0
1803	0
1806	0
1807	1.34389e-11
1812	0
1816	0
1817	5.2768e-12
1818	0
1823	0
1824	0
1828	0
1830	3.33272e-12
1833	0
1837	2.63454e-12
1839	0
1845	0
1846	0
1847	1.85768e-11
1848	0
1852	92103.6
1853	0
1855	0
1857	0
1861	3.67216e-12
1864	9.84386e-12
1868	0
1869	0
1876	6.67315e-12
1877	0
1878	3.37515e-12
1887	0
1900	3.11671e-12
1902	7.51404e-12
1908	4.63649e-12
1909	2.63069e-12
1910	0
1915	0
1916	1.13405e-12
1917	9.83614e-13
1919	0
1926	0
1928	0
1929	0
1933	2.30281e-12
1934	3.08587e-14
1935	3.62973e-12
1938	3.30186e-12
1939	4.92964e-12
1941	0
1947	3.08587e-14
1948	0
1949	9.64328e-13
1962	5.49281e-12
1964	1.51669e-11
1973	0
1988	0
1989	0
1998	5.61624e-12
1999	4.50534e-12
2004	0
2009	2.19095e-12
2014	0
2034	0
2035	5.18422e-12
2036	0
2042	4.01161e-13
2050	0
2051	1.32074e-11
2052	2.34525e-12
2053	1925240
2058	0
2061	0
2066	1.80522e-12
2071	2.01506e-11
2072	0
2073	0
2078	0
2079	5.1688e-12
2082	0
2089	1.67407e-12
2091	0
2093	0
2094	0
2095	5.25366e-12
2096	2.59211e-12
2097	0
2100	0
2101	0
2102	53956.4
2104	0
2110	4.55163e-13
2113	5.7474e-13
2114	3.38672e-12
2124	1.08005e-13
2133	0
2134	0
2139	1.04302e-11
