Time	Position	WT	SNP	Read.Depth	SNP.Reads
0	80	C	T	3104	14
0	90	G	A	3462	9
0	102	A	G	3455	6
0	352	T	C	4328	0
0	474	A	G	6124	20
0	491	T	C	5861	8
0	501	A	C	5713	4
0	512	T	C	5166	10
0	901	A	G	7805	8
0	945	T	C	9403	54
0	1047	G	A	8097	10
0	1166	G	A	9227	15
0	1220	C	A	8632	23
0	1304	A	G	11071	24
0	1340	C	A	10217	25
0	1344	T	C	9896	24
0	1349	A	G	10238	5
0	1391	C	T	8944	15
0	1396	T	C	8224	19
0	1459	G	T	8043	55
0	1519	A	T	7166	39
0	1558	A	G	8685	5
0	1690	G	A	7100	14
0	1697	A	G	7013	8
0	1852	G	A	6588	6
0	2054	C	T	4416	8
0	2103	G	A	2805	9
12	80	C	T	6584	32
12	90	G	A	7394	19
12	102	A	G	7022	12
12	352	T	C	7224	0
12	474	A	G	9905	18
12	491	T	C	8975	17
12	501	A	C	8483	7
12	512	T	C	6960	8
12	901	A	G	11661	7
12	945	T	C	15080	36
12	1047	G	A	10860	20
12	1166	G	A	13780	40
12	1220	C	A	11567	44
12	1304	A	G	16220	40
12	1340	C	A	15430	39
12	1344	T	C	14917	37
12	1349	A	G	15736	32
12	1391	C	T	14364	39
12	1396	T	C	12884	13
12	1459	G	T	12168	66
12	1519	A	T	10068	37
12	1558	A	G	14457	12
12	1690	G	A	13237	27
12	1697	A	G	12804	18
12	1852	G	A	11859	22
12	2054	C	T	10399	10
12	2103	G	A	8721	12
24	80	C	T	13380	64
24	90	G	A	14945	28
24	102	A	G	13940	14
24	352	T	C	11949	0
24	474	A	G	16743	28
24	491	T	C	15526	18
24	501	A	C	15434	24
24	512	T	C	12858	10
24	901	A	G	19402	33
24	945	T	C	23950	33
24	1047	G	A	17440	29
24	1166	G	A	22521	50
24	1220	C	A	19963	52
24	1304	A	G	28421	49
24	1340	C	A	26349	60
24	1344	T	C	25294	55
24	1349	A	G	26714	33
24	1391	C	T	23924	55
24	1396	T	C	20961	28
24	1459	G	T	21125	85
24	1519	A	T	18265	58
24	1558	A	G	25188	27
24	1690	G	A	19409	33
24	1697	A	G	18847	24
24	1852	G	A	20573	45
24	2054	C	T	17297	28
24	2103	G	A	13430	20
36	80	C	T	5042	37
36	90	G	A	5757	14
36	102	A	G	5800	10
36	352	T	C	5762	0
36	474	A	G	8380	14
36	491	T	C	8019	25
36	501	A	C	7741	11
36	512	T	C	6509	8
36	901	A	G	10569	24
36	945	T	C	12798	39
36	1047	G	A	10787	28
36	1166	G	A	12421	44
36	1220	C	A	10381	25
36	1304	A	G	16297	42
36	1340	C	A	14535	41
36	1344	T	C	14040	35
36	1349	A	G	14343	24
36	1391	C	T	12003	21
36	1396	T	C	10771	16
36	1459	G	T	11398	41
36	1519	A	T	9771	25
36	1558	A	G	12776	10
36	1690	G	A	10698	31
36	1697	A	G	10502	19
36	1852	G	A	10374	27
36	2054	C	T	9154	23
36	2103	G	A	6777	16
48	80	C	T	11891	170
48	90	G	A	13298	32
48	102	A	G	12252	30
48	352	T	C	10876	0
48	474	A	G	15568	44
48	491	T	C	14450	22
48	501	A	C	14037	5
48	512	T	C	11972	15
48	901	A	G	19842	26
48	945	T	C	25472	74
48	1047	G	A	17968	28
48	1166	G	A	22707	78
48	1220	C	A	21989	62
48	1304	A	G	28896	62
48	1340	C	A	27121	52
48	1344	T	C	26187	56
48	1349	A	G	27715	30
48	1391	C	T	25023	56
48	1396	T	C	21925	33
48	1459	G	T	20708	73
48	1519	A	T	17355	55
48	1558	A	G	24310	41
48	1690	G	A	20557	56
48	1697	A	G	19975	14
48	1852	G	A	19894	41
48	2054	C	T	16642	35
48	2103	G	A	12641	28
60	80	C	T	4767	254
60	90	G	A	5402	25
60	102	A	G	5466	26
60	352	T	C	5167	1
60	474	A	G	7936	41
60	491	T	C	7457	9
60	501	A	C	7141	13
60	512	T	C	6118	36
60	901	A	G	9439	21
60	945	T	C	11227	83
60	1047	G	A	9517	19
60	1166	G	A	10900	24
60	1220	C	A	8999	34
60	1304	A	G	14331	54
60	1340	C	A	12983	45
60	1344	T	C	12499	38
60	1349	A	G	12811	17
60	1391	C	T	10903	37
60	1396	T	C	9935	21
60	1459	G	T	10783	63
60	1519	A	T	9148	41
60	1558	A	G	11107	15
60	1690	G	A	8949	50
60	1697	A	G	8770	23
60	1852	G	A	9292	78
60	2054	C	T	7566	18
60	2103	G	A	5535	21
72	80	C	T	5563	504
72	90	G	A	6235	25
72	102	A	G	5905	31
72	352	T	C	6211	0
72	474	A	G	8269	50
72	491	T	C	7596	13
72	501	A	C	7163	22
72	512	T	C	5903	33
72	901	A	G	10253	22
72	945	T	C	12534	108
72	1047	G	A	9767	24
72	1166	G	A	11927	65
72	1220	C	A	9034	30
72	1304	A	G	13087	34
72	1340	C	A	12491	34
72	1344	T	C	12068	23
72	1349	A	G	12510	29
72	1391	C	T	11415	34
72	1396	T	C	10242	35
72	1459	G	T	9754	60
72	1519	A	T	8069	47
72	1558	A	G	12216	21
72	1690	G	A	10960	59
72	1697	A	G	10582	27
72	1852	G	A	9827	73
72	2054	C	T	9012	34
72	2103	G	A	8048	32
84	80	C	T	13381	2270
84	90	G	A	14979	143
84	102	A	G	14058	49
84	352	T	C	13047	0
84	474	A	G	18094	218
84	491	T	C	17092	36
84	501	A	C	16624	42
84	512	T	C	14241	89
84	901	A	G	22945	64
84	945	T	C	29465	256
84	1047	G	A	20452	32
84	1166	G	A	26023	113
84	1220	C	A	25512	65
84	1304	A	G	32958	73
84	1340	C	A	31184	86
84	1344	T	C	29980	88
84	1349	A	G	31751	80
84	1391	C	T	29307	106
84	1396	T	C	25650	87
84	1459	G	T	24305	470
84	1519	A	T	20438	342
84	1558	A	G	28059	28
84	1690	G	A	23646	151
84	1697	A	G	22805	82
84	1852	G	A	23293	198
84	2054	C	T	19521	54
84	2103	G	A	15212	52
96	80	C	T	10977	4181
96	90	G	A	12221	249
96	102	A	G	11552	16
96	352	T	C	10210	0
96	474	A	G	14952	324
96	491	T	C	14080	23
96	501	A	C	13468	41
96	512	T	C	11572	74
96	901	A	G	18937	50
96	945	T	C	24003	554
96	1047	G	A	16276	60
96	1166	G	A	21714	129
96	1220	C	A	20710	65
96	1304	A	G	27182	44
96	1340	C	A	25586	48
96	1344	T	C	24610	65
96	1349	A	G	26050	181
96	1391	C	T	23616	83
96	1396	T	C	20932	56
96	1459	G	T	19456	1853
96	1519	A	T	16816	1470
96	1558	A	G	22814	30
96	1690	G	A	18883	206
96	1697	A	G	18304	166
96	1852	G	A	18529	180
96	2054	C	T	15705	44
96	2103	G	A	11887	32
108	80	C	T	15538	8055
108	90	G	A	17310	372
108	102	A	G	16627	67
108	352	T	C	13699	0
108	474	A	G	20531	761
108	491	T	C	19078	34
108	501	A	C	17567	52
108	512	T	C	14683	192
108	901	A	G	18674	37
108	945	T	C	20272	1845
108	1047	G	A	17072	40
108	1166	G	A	23933	113
108	1220	C	A	15944	52
108	1304	A	G	25693	59
108	1340	C	A	24039	47
108	1344	T	C	22940	81
108	1349	A	G	24017	161
108	1391	C	T	20999	113
108	1396	T	C	18436	65
108	1459	G	T	20699	4314
108	1519	A	T	19447	3703
108	1558	A	G	26000	41
108	1690	G	A	17488	173
108	1697	A	G	16883	139
108	1852	G	A	20956	199
108	2054	C	T	18831	49
108	2103	G	A	16602	31
120	80	C	T	12903	11531
120	90	G	A	14484	253
120	102	A	G	15060	50
120	352	T	C	13919	0
120	474	A	G	21514	1279
120	491	T	C	19712	31
120	501	A	C	18985	48
120	512	T	C	15786	304
120	901	A	G	17690	44
120	945	T	C	16786	7754
120	1047	G	A	19730	58
120	1166	G	A	23634	91
120	1220	C	A	13795	40
120	1304	A	G	24695	45
120	1340	C	A	21498	30
120	1344	T	C	20606	53
120	1349	A	G	21136	123
120	1391	C	T	17632	220
120	1396	T	C	15812	41
120	1459	G	T	21791	15601
120	1519	A	T	21498	13955
120	1558	A	G	24999	49
120	1690	G	A	14610	99
120	1697	A	G	14433	93
120	1852	G	A	20223	64
120	2054	C	T	17627	26
120	2103	G	A	13774	29
132	80	C	T	12085	11172
132	90	G	A	13216	153
132	102	A	G	12917	46
132	352	T	C	12104	0
132	474	A	G	17303	737
132	491	T	C	16107	26
132	501	A	C	15634	40
132	512	T	C	13279	219
132	901	A	G	22326	52
132	945	T	C	27816	18654
132	1047	G	A	19272	27
132	1166	G	A	24466	108
132	1220	C	A	24049	64
132	1304	A	G	31307	78
132	1340	C	A	29576	47
132	1344	T	C	28527	74
132	1349	A	G	30151	62
132	1391	C	T	27465	315
132	1396	T	C	24236	72
132	1459	G	T	22463	18384
132	1519	A	T	19585	14715
132	1558	A	G	27146	57
132	1690	G	A	22416	103
132	1697	A	G	21693	37
132	1852	G	A	21849	46
132	2054	C	T	17805	42
132	2103	G	A	13646	32
144	80	C	T	16326	15674
144	90	G	A	17812	151
144	102	A	G	17348	49
144	352	T	C	15419	0
144	474	A	G	23150	527
144	491	T	C	21283	46
144	501	A	C	20526	53
144	512	T	C	17515	230
144	901	A	G	29197	60
144	945	T	C	35526	30221
144	1047	G	A	25356	48
144	1166	G	A	32441	120
144	1220	C	A	31062	81
144	1304	A	G	41676	76
144	1340	C	A	38450	75
144	1344	T	C	36954	99
144	1349	A	G	38887	74
144	1391	C	T	35085	290
144	1396	T	C	31121	122
144	1459	G	T	29548	27313
144	1519	A	T	25856	21852
144	1558	A	G	35146	72
144	1690	G	A	28906	107
144	1697	A	G	27983	64
144	1852	G	A	28781	52
144	2054	C	T	23894	47
144	2103	G	A	18236	41
156	80	C	T	3895	3851
156	90	G	A	4265	10
156	102	A	G	4338	8
156	352	T	C	4857	0
156	474	A	G	6699	17
156	491	T	C	6406	5
156	501	A	C	6282	3
156	512	T	C	5476	3
156	901	A	G	7654	10
156	945	T	C	8177	8107
156	1047	G	A	7660	3
156	1166	G	A	9042	23
156	1220	C	A	7190	22
156	1304	A	G	11251	29
156	1340	C	A	10161	19
156	1344	T	C	9791	23
156	1349	A	G	10037	3
156	1391	C	T	8822	13
156	1396	T	C	8030	15
156	1459	G	T	8926	8807
156	1519	A	T	8003	7216
156	1558	A	G	9720	10
156	1690	G	A	6909	13
156	1697	A	G	6800	12
156	1852	G	A	7909	6
156	2054	C	T	6803	8
156	2103	G	A	4804	7
168	80	C	T	3653	3605
168	90	G	A	4048	25
168	102	A	G	4167	11
168	352	T	C	4284	0
168	474	A	G	6484	18
168	491	T	C	6037	5
168	501	A	C	5728	1
168	512	T	C	4791	6
168	901	A	G	7191	12
168	945	T	C	7522	7435
168	1047	G	A	7721	15
168	1166	G	A	9048	30
168	1220	C	A	6332	23
168	1304	A	G	10606	26
168	1340	C	A	9427	14
168	1344	T	C	9089	27
168	1349	A	G	9286	3
168	1391	C	T	8010	15
168	1396	T	C	7225	18
168	1459	G	T	8011	7872
168	1519	A	T	7242	6457
168	1558	A	G	9205	4
168	1690	G	A	7169	9
168	1697	A	G	6958	8
168	1852	G	A	7594	14
168	2054	C	T	6782	10
168	2103	G	A	5250	6
180	80	C	T	3189	3156
180	90	G	A	3466	58
180	102	A	G	3533	11
180	352	T	C	4356	0
180	474	A	G	5691	19
180	491	T	C	5420	14
180	501	A	C	5386	8
180	512	T	C	4759	11
180	901	A	G	6736	7
180	945	T	C	7440	7358
180	1047	G	A	6892	14
180	1166	G	A	7830	34
180	1220	C	A	6625	23
180	1304	A	G	9427	15
180	1340	C	A	8859	29
180	1344	T	C	8614	31
180	1349	A	G	8917	16
180	1391	C	T	8220	65
180	1396	T	C	7544	45
180	1459	G	T	7613	7511
180	1519	A	T	6777	6069
180	1558	A	G	8111	12
180	1690	G	A	6522	26
180	1697	A	G	6431	17
180	1852	G	A	6592	16
180	2054	C	T	5456	15
180	2103	G	A	3732	10
192	80	C	T	3386	3350
192	90	G	A	3677	232
192	102	A	G	3719	9
192	352	T	C	4655	0
192	474	A	G	6323	19
192	491	T	C	5912	4
192	501	A	C	5796	7
192	512	T	C	5109	17
192	901	A	G	7033	8
192	945	T	C	7754	7689
192	1047	G	A	7171	9
192	1166	G	A	8349	47
192	1220	C	A	7155	29
192	1304	A	G	10385	19
192	1340	C	A	9542	34
192	1344	T	C	9179	24
192	1349	A	G	9432	42
192	1391	C	T	8513	155
192	1396	T	C	7845	242
192	1459	G	T	8009	7900
192	1519	A	T	7328	6561
192	1558	A	G	8622	11
192	1690	G	A	7212	57
192	1697	A	G	7091	21
192	1852	G	A	7277	18
192	2054	C	T	5727	15
192	2103	G	A	3881	14
204	80	C	T	472	457
204	90	G	A	532	69
204	102	A	G	559	0
204	352	T	C	1281	0
204	474	A	G	1402	8
204	491	T	C	1264	3
204	501	A	C	1235	5
204	512	T	C	1089	2
204	901	A	G	1680	3
204	945	T	C	1733	1693
204	1047	G	A	1880	5
204	1166	G	A	2288	24
204	1220	C	A	1311	14
204	1304	A	G	1986	9
204	1340	C	A	1958	17
204	1344	T	C	1885	2
204	1349	A	G	1929	12
204	1391	C	T	1697	65
204	1396	T	C	1626	111
204	1459	G	T	1769	1727
204	1519	A	T	1432	1277
204	1558	A	G	1757	8
204	1690	G	A	1882	30
204	1697	A	G	1821	11
204	1852	G	A	1614	10
204	2054	C	T	1573	13
204	2103	G	A	1190	7
216	80	C	T	3554	3508
216	90	G	A	3929	409
216	102	A	G	4018	14
216	352	T	C	4372	0
216	474	A	G	6307	64
216	491	T	C	6035	11
216	501	A	C	5712	26
216	512	T	C	4918	35
216	901	A	G	6604	3
216	945	T	C	7075	6982
216	1047	G	A	6750	16
216	1166	G	A	7623	75
216	1220	C	A	6403	27
216	1304	A	G	9809	16
216	1340	C	A	8896	31
216	1344	T	C	8557	23
216	1349	A	G	8816	87
216	1391	C	T	7813	326
216	1396	T	C	7047	777
216	1459	G	T	7510	7386
216	1519	A	T	6773	6085
216	1558	A	G	8080	19
216	1690	G	A	6453	116
216	1697	A	G	6350	61
216	1852	G	A	7062	26
216	2054	C	T	5543	17
216	2103	G	A	3658	13
228	80	C	T	3426	3388
228	90	G	A	3765	488
228	102	A	G	3907	13
228	352	T	C	5108	0
228	474	A	G	6925	96
228	491	T	C	6347	14
228	501	A	C	6139	43
228	512	T	C	5369	54
228	901	A	G	7523	10
228	945	T	C	8217	8142
228	1047	G	A	7689	26
228	1166	G	A	8748	68
228	1220	C	A	7475	31
228	1304	A	G	10956	28
228	1340	C	A	9899	38
228	1344	T	C	9582	45
228	1349	A	G	9872	45
228	1391	C	T	8951	342
228	1396	T	C	8184	1303
228	1459	G	T	8665	8534
228	1519	A	T	7657	6929
228	1558	A	G	9237	48
228	1690	G	A	7423	187
228	1697	A	G	7309	60
228	1852	G	A	7553	78
228	2054	C	T	5922	19
228	2103	G	A	4080	22
240	80	C	T	6650	6593
240	90	G	A	7377	1133
240	102	A	G	7702	25
240	352	T	C	8029	0
240	474	A	G	11542	141
240	491	T	C	10644	15
240	501	A	C	10350	45
240	512	T	C	8846	167
240	901	A	G	13346	20
240	945	T	C	14370	14191
240	1047	G	A	13542	32
240	1166	G	A	15738	150
240	1220	C	A	12736	28
240	1304	A	G	20586	34
240	1340	C	A	18261	56
240	1344	T	C	17563	59
240	1349	A	G	17856	123
240	1391	C	T	15057	617
240	1396	T	C	13620	3065
240	1459	G	T	14944	14702
240	1519	A	T	13666	12290
240	1558	A	G	16398	309
240	1690	G	A	12391	715
240	1697	A	G	12175	187
240	1852	G	A	13492	113
240	2054	C	T	11478	49
240	2103	G	A	8452	50
264	80	C	T	11499	11390
264	90	G	A	12661	2347
264	102	A	G	12294	61
264	352	T	C	12351	0
264	474	A	G	17854	354
264	491	T	C	16324	27
264	501	A	C	15838	229
264	512	T	C	13520	1039
264	901	A	G	22713	59
264	945	T	C	27944	27654
264	1047	G	A	19826	54
264	1166	G	A	24711	244
264	1220	C	A	23864	96
264	1304	A	G	32900	61
264	1340	C	A	30315	120
264	1344	T	C	29137	82
264	1349	A	G	30571	239
264	1391	C	T	27948	1855
264	1396	T	C	24914	6658
264	1459	G	T	23669	23388
264	1519	A	T	20430	18639
264	1558	A	G	28228	1505
264	1690	G	A	22436	2321
264	1697	A	G	21742	686
264	1852	G	A	22681	270
264	2054	C	T	19130	74
264	2103	G	A	14233	52
276	80	C	T	2984	2944
276	90	G	A	3443	594
276	102	A	G	3519	23
276	352	T	C	4141	1
276	474	A	G	5720	121
276	491	T	C	5228	13
276	501	A	C	4988	68
276	512	T	C	4185	579
276	901	A	G	5085	10
276	945	T	C	4650	4597
276	1047	G	A	5356	17
276	1166	G	A	7063	69
276	1220	C	A	3516	47
276	1304	A	G	6187	14
276	1340	C	A	5794	34
276	1344	T	C	5575	28
276	1349	A	G	5796	48
276	1391	C	T	5205	480
276	1396	T	C	4725	1292
276	1459	G	T	5422	5319
276	1519	A	T	4844	4324
276	1558	A	G	6607	475
276	1690	G	A	4968	626
276	1697	A	G	4878	202
276	1852	G	A	5648	57
276	2054	C	T	5652	41
276	2103	G	A	4808	30
300	80	C	T	14363	14220
300	90	G	A	16843	9177
300	102	A	G	16881	52
300	352	T	C	12467	13
300	474	A	G	21189	665
300	491	T	C	18959	30
300	501	A	C	18420	276
300	512	T	C	14978	77
300	901	A	G	14712	68
300	945	T	C	12841	12712
300	1047	G	A	16436	63
300	1166	G	A	21939	437
300	1220	C	A	11156	2410
300	1304	A	G	19856	878
300	1340	C	A	17511	2459
300	1344	T	C	16704	35
300	1349	A	G	17364	324
300	1391	C	T	14744	6835
300	1396	T	C	12952	3444
300	1459	G	T	18213	18024
300	1519	A	T	18296	16806
300	1558	A	G	22144	4987
300	1690	G	A	11432	9151
300	1697	A	G	10980	6077
300	1852	G	A	16799	210
300	2054	C	T	15403	3637
300	2103	G	A	13270	43
324	80	C	T	3248	3221
324	90	G	A	3880	3546
324	102	A	G	3820	7
324	352	T	C	4795	5
324	474	A	G	6456	46
324	491	T	C	6252	13
324	501	A	C	6103	17
324	512	T	C	5615	8
324	901	A	G	7111	10
324	945	T	C	7662	7603
324	1047	G	A	7109	20
324	1166	G	A	8184	26
324	1220	C	A	8051	5369
324	1304	A	G	10731	417
324	1340	C	A	10104	6813
324	1344	T	C	9526	31
324	1349	A	G	9614	354
324	1391	C	T	8745	7981
324	1396	T	C	8269	255
324	1459	G	T	8021	7919
324	1519	A	T	6987	6285
324	1558	A	G	8325	254
324	1690	G	A	7045	6469
324	1697	A	G	6605	6298
324	1852	G	A	6846	38
324	2054	C	T	5784	3922
324	2103	G	A	3611	16
348	80	C	T	1440	1411
348	90	G	A	1695	1598
348	102	A	G	1724	0
348	352	T	C	2292	0
348	474	A	G	2851	20
348	491	T	C	2604	3
348	501	A	C	2510	5
348	512	T	C	2206	8
348	901	A	G	3356	7
348	945	T	C	3552	3510
348	1047	G	A	3684	13
348	1166	G	A	4320	23
348	1220	C	A	3127	2733
348	1304	A	G	4698	106
348	1340	C	A	4329	3459
348	1344	T	C	4211	12
348	1349	A	G	4346	48
348	1391	C	T	3934	3824
348	1396	T	C	3709	15
348	1459	G	T	3553	3464
348	1519	A	T	3043	2681
348	1558	A	G	3586	14
348	1690	G	A	3375	3270
348	1697	A	G	3251	3166
348	1852	G	A	3354	14
348	2054	C	T	2992	2524
348	2103	G	A	2121	9
372	80	C	T	4389	4134
372	90	G	A	5021	2510
372	102	A	G	5102	20
372	352	T	C	5395	3
372	474	A	G	7763	341
372	491	T	C	7247	14
372	501	A	C	6967	15
372	512	T	C	6034	412
372	901	A	G	9636	3928
372	945	T	C	10606	9957
372	1047	G	A	9804	3796
372	1166	G	A	11289	243
372	1220	C	A	9453	825
372	1304	A	G	15105	3358
372	1340	C	A	13540	1288
372	1344	T	C	13140	18
372	1349	A	G	13344	133
372	1391	C	T	11955	1192
372	1396	T	C	10810	8023
372	1459	G	T	11082	10401
372	1519	A	T	9331	8175
372	1558	A	G	11579	8353
372	1690	G	A	8954	8009
372	1697	A	G	8601	5474
372	1852	G	A	9428	54
372	2054	C	T	8071	986
372	2103	G	A	5973	809
396	80	C	T	1632	1582
396	90	G	A	1844	613
396	102	A	G	1811	0
396	352	T	C	2151	0
396	474	A	G	2974	51
396	491	T	C	2771	12
396	501	A	C	2730	22
396	512	T	C	2398	49
396	901	A	G	3442	2198
396	945	T	C	3934	3837
396	1047	G	A	3323	2078
396	1166	G	A	3931	444
396	1220	C	A	3850	280
396	1304	A	G	5397	1132
396	1340	C	A	4953	361
396	1344	T	C	4828	2
396	1349	A	G	4931	50
396	1391	C	T	4553	402
396	1396	T	C	4127	3488
396	1459	G	T	3936	3810
396	1519	A	T	3311	2973
396	1558	A	G	4095	3447
396	1690	G	A	3690	3483
396	1697	A	G	3548	2816
396	1852	G	A	3572	21
396	2054	C	T	3084	277
396	2103	G	A	2127	633
408	80	C	T	1586	1569
408	90	G	A	1915	1875
408	102	A	G	1991	11
408	352	T	C	2713	5
408	474	A	G	3864	113
408	491	T	C	3337	929
408	501	A	C	3150	554
408	512	T	C	2616	41
408	901	A	G	4092	13
408	945	T	C	4339	4273
408	1047	G	A	4388	30
408	1166	G	A	5249	161
408	1220	C	A	3412	3301
408	1304	A	G	5056	2873
408	1340	C	A	4524	4399
408	1344	T	C	4416	30
408	1349	A	G	4635	1363
408	1391	C	T	4384	4313
408	1396	T	C	4126	18
408	1459	G	T	4264	4181
408	1519	A	T	3565	3160
408	1558	A	G	4484	24
408	1690	G	A	4155	4112
408	1697	A	G	4021	3946
408	1852	G	A	3986	765
408	2054	C	T	3983	3877
408	2103	G	A	2820	15
432	80	C	T	2585	2544
432	90	G	A	2972	2861
432	102	A	G	2978	18
432	352	T	C	3399	7
432	474	A	G	4831	158
432	491	T	C	4453	3172
432	501	A	C	4419	2396
432	512	T	C	3974	62
432	901	A	G	5441	43
432	945	T	C	6094	6000
432	1047	G	A	5551	39
432	1166	G	A	6310	221
432	1220	C	A	5472	5237
432	1304	A	G	7558	1452
432	1340	C	A	6685	6394
432	1344	T	C	6486	65
432	1349	A	G	6736	4905
432	1391	C	T	6130	5916
432	1396	T	C	5744	62
432	1459	G	T	5864	5725
432	1519	A	T	5249	4677
432	1558	A	G	6295	143
432	1690	G	A	5166	5096
432	1697	A	G	5006	4926
432	1852	G	A	5417	3056
432	2054	C	T	4155	4020
432	2103	G	A	2715	24
456	80	C	T	2667	2406
456	90	G	A	3140	2841
456	102	A	G	3123	3
456	352	T	C	3567	16
456	474	A	G	4937	50
456	491	T	C	4551	3535
456	501	A	C	4570	2680
456	512	T	C	4058	51
456	901	A	G	5813	19
456	945	T	C	6435	5873
456	1047	G	A	5963	12
456	1166	G	A	6653	61
456	1220	C	A	5529	4964
456	1304	A	G	7837	586
456	1340	C	A	7056	6375
456	1344	T	C	6826	58
456	1349	A	G	6992	5420
456	1391	C	T	6454	5932
456	1396	T	C	6017	12
456	1459	G	T	6271	5653
456	1519	A	T	5557	4595
456	1558	A	G	6523	20
456	1690	G	A	5570	5100
456	1697	A	G	5409	4953
456	1852	G	A	5511	3284
456	2054	C	T	4528	4142
456	2103	G	A	3016	53
480	80	C	T	3962	3919
480	90	G	A	4566	4510
480	102	A	G	5066	715
480	352	T	C	6007	24
480	474	A	G	8029	1425
480	491	T	C	7381	1164
480	501	A	C	7401	1112
480	512	T	C	6889	2107
480	901	A	G	8003	6
480	945	T	C	8682	8608
480	1047	G	A	8039	13
480	1166	G	A	9439	1641
480	1220	C	A	8790	8686
480	1304	A	G	12048	4369
480	1340	C	A	10476	10353
480	1344	T	C	10328	2808
480	1349	A	G	10751	1883
480	1391	C	T	9217	9113
480	1396	T	C	8690	12
480	1459	G	T	8806	8644
480	1519	A	T	7819	6982
480	1558	A	G	9108	60
480	1690	G	A	7347	7294
480	1697	A	G	7208	7120
480	1852	G	A	8144	1416
480	2054	C	T	6247	6189
480	2103	G	A	3969	22
504	80	C	T	3391	3358
504	90	G	A	3914	3861
504	102	A	G	4120	3519
504	352	T	C	5021	112
504	474	A	G	7273	6393
504	491	T	C	6459	25
504	501	A	C	6463	21
504	512	T	C	5817	5479
504	901	A	G	8038	4
504	945	T	C	8809	8740
504	1047	G	A	8797	16
504	1166	G	A	10175	8718
504	1220	C	A	8185	8101
504	1304	A	G	11853	11382
504	1340	C	A	10337	10228
504	1344	T	C	10093	9441
504	1349	A	G	10570	63
504	1391	C	T	9303	9220
504	1396	T	C	8732	15
504	1459	G	T	9291	9170
504	1519	A	T	8213	7396
504	1558	A	G	9721	26
504	1690	G	A	7850	7812
504	1697	A	G	7585	7493
504	1852	G	A	8138	64
504	2054	C	T	6513	6480
504	2103	G	A	4440	11
528	80	C	T	2763	2708
528	90	G	A	3288	3196
528	102	A	G	3358	2719
528	352	T	C	4615	243
528	474	A	G	6410	5330
528	491	T	C	5450	692
528	501	A	C	5307	674
528	512	T	C	4669	3877
528	901	A	G	7482	6
528	945	T	C	8151	7964
528	1047	G	A	7882	22
528	1166	G	A	9583	8036
528	1220	C	A	6631	6462
528	1304	A	G	9086	7591
528	1340	C	A	7739	7576
528	1344	T	C	7520	6085
528	1349	A	G	7888	1190
528	1391	C	T	7346	7207
528	1396	T	C	6839	6
528	1459	G	T	7330	7138
528	1519	A	T	6037	5273
528	1558	A	G	8643	23
528	1690	G	A	7387	7254
528	1697	A	G	7112	6944
528	1852	G	A	7193	1076
528	2054	C	T	6781	6666
528	2103	G	A	5507	10
