Time	Read.Length	Read.Count
0	47	1
0	210	1
0	255	1
0	387	1
0	463	1
0	561	1
0	611	1
0	629	1
0	665	1
0	733	1
0	744	1
0	806	1
0	836	1
0	864	1
0	904	1
0	974	1
0	1008	1
0	1038	1
0	1044	1
0	1088	1
0	1125	1
0	1171	1
0	1223	1
0	1231	1
0	1240	1
0	1259	1
0	1263	1
0	1268	1
0	1326	1
0	1464	1
0	1490	1
0	1494	1
0	1505	1
0	1610	1
0	1642	1
0	1651	1
0	1692	1
0	1743	1
0	1763	1
0	1783	1
0	1796	1
0	1824	1
0	1833	1
0	1877	1
0	1882	1
0	1885	1
0	1893	1
0	1920	1
0	1935	1
0	1937	1
0	1940	1
0	1941	1
0	1946	1
0	1957	1
0	1975	1
0	1983	1
0	1987	1
0	1994	1
0	1995	1
0	1997	1
0	2005	1
0	2009	1
0	2011	1
0	2014	1
0	2021	2
0	2022	1
0	2023	1
0	2024	1
0	2025	1
0	2026	1
0	2028	1
0	2032	1
0	2033	3
0	2034	1
0	2041	1
0	2042	2
0	2050	1
0	2051	2
0	2052	1
0	2053	1
0	2055	3
0	2057	1
0	2060	1
0	2061	1
0	2062	2
0	2063	1
0	2067	2
0	2071	2
0	2073	2
0	2076	1
0	2077	1
0	2078	1
0	2079	3
0	2080	2
0	2081	1
0	2082	2
0	2084	2
0	2085	1
0	2086	1
0	2087	1
0	2088	3
0	2089	2
0	2090	3
0	2091	3
0	2092	2
0	2094	1
0	2095	1
0	2096	1
0	2097	2
0	2098	1
0	2099	2
0	2100	2
0	2102	1
0	2103	1
0	2104	1
0	2105	3
0	2106	3
0	2107	1
0	2108	2
0	2109	2
0	2110	3
0	2111	2
0	2112	4
0	2113	1
0	2114	3
0	2115	2
0	2116	3
0	2117	2
0	2118	1
0	2119	2
0	2120	3
0	2121	3
0	2122	3
0	2123	5
0	2124	1
0	2125	1
0	2126	2
0	2127	3
0	2128	5
0	2129	4
0	2130	4
0	2131	3
0	2132	9
0	2133	5
0	2134	3
0	2135	2
0	2136	3
0	2137	4
0	2138	3
0	2139	6
0	2140	8
0	2141	5
0	2142	3
0	2143	4
0	2144	2
0	2145	3
0	2146	7
0	2147	9
0	2148	3
0	2149	2
0	2150	12
0	2151	8
0	2152	5
0	2153	7
0	2154	6
0	2155	5
0	2156	6
0	2157	6
0	2158	7
0	2159	2
0	2160	5
0	2161	2
0	2162	10
0	2163	6
0	2164	7
0	2165	7
0	2166	7
0	2167	5
0	2168	8
0	2169	16
0	2170	8
0	2171	5
0	2172	12
0	2173	10
0	2174	4
0	2175	12
0	2176	9
0	2177	12
0	2178	11
0	2179	17
0	2180	13
0	2181	16
0	2182	16
0	2183	18
0	2184	13
0	2185	13
0	2186	14
0	2187	17
0	2188	16
0	2189	17
0	2190	22
0	2191	18
0	2192	14
0	2193	10
0	2194	9
0	2195	6
0	2196	7
0	2197	8
0	2198	3
0	2199	5
0	2200	8
0	2201	12
0	2202	4
0	2203	4
0	2204	5
0	2205	12
0	2206	17
0	2207	4
0	2208	10
0	2209	7
0	2210	3
0	2211	19
0	2212	6
0	2213	14
0	2214	15
0	2215	7
0	2216	6
0	2217	15
0	2218	8
0	2219	12
0	2220	5
0	2221	3
0	2222	7
0	2223	3
0	2224	1
0	2226	2
0	2227	2
0	2228	1
0	2230	1
0	2236	2
0	2239	1
0	2247	1
0	2253	1
0	2257	1
0	2273	1
0	2275	1
0	2278	1
0	2284	1
0	2287	1
0	2289	1
0	2696	1
12	219	1
12	249	1
12	296	1
12	324	1
12	334	1
12	343	1
12	350	1
12	374	1
12	391	1
12	407	1
12	433	1
12	440	1
12	456	1
12	492	1
12	495	1
12	509	1
12	523	1
12	607	1
12	678	1
12	679	1
12	709	1
12	816	1
12	829	1
12	889	1
12	905	1
12	976	1
12	1066	1
12	1073	1
12	1086	1
12	1118	1
12	1141	1
12	1143	1
12	1179	1
12	1210	1
12	1229	1
12	1301	1
12	1330	1
12	1341	1
12	1345	1
12	1368	1
12	1402	1
12	1484	1
12	1538	1
12	1553	1
12	1554	1
12	1595	1
12	1600	1
12	1660	1
12	1687	2
12	1688	1
12	1709	1
12	1758	1
12	1786	1
12	1800	1
12	1802	1
12	1838	1
12	1839	1
12	1846	1
12	1848	1
12	1849	1
12	1871	1
12	1887	1
12	1896	1
12	1899	1
12	1909	1
12	1916	1
12	1917	1
12	1920	1
12	1921	1
12	1931	1
12	1943	1
12	1961	1
12	1969	1
12	1970	1
12	1972	1
12	1973	1
12	1979	1
12	1986	1
12	1989	1
12	1991	1
12	1997	1
12	2008	1
12	2012	2
12	2017	1
12	2022	1
12	2025	1
12	2026	1
12	2027	1
12	2028	1
12	2031	1
12	2033	1
12	2035	1
12	2036	1
12	2038	1
12	2040	1
12	2041	1
12	2042	1
12	2043	1
12	2045	1
12	2048	1
12	2050	1
12	2051	3
12	2052	2
12	2053	1
12	2057	1
12	2058	1
12	2059	3
12	2062	3
12	2063	1
12	2064	3
12	2067	6
12	2071	1
12	2073	1
12	2074	1
12	2075	2
12	2076	2
12	2077	1
12	2080	4
12	2081	1
12	2082	1
12	2085	3
12	2086	3
12	2087	1
12	2089	1
12	2090	2
12	2092	2
12	2093	3
12	2094	2
12	2095	1
12	2096	2
12	2097	1
12	2099	1
12	2100	1
12	2102	2
12	2103	3
12	2104	2
12	2107	3
12	2108	1
12	2109	2
12	2110	1
12	2111	1
12	2112	4
12	2113	3
12	2114	3
12	2115	1
12	2116	1
12	2117	1
12	2118	5
12	2119	1
12	2120	2
12	2121	1
12	2122	4
12	2123	4
12	2124	4
12	2125	7
12	2126	2
12	2127	2
12	2128	1
12	2129	4
12	2130	3
12	2131	5
12	2132	2
12	2133	6
12	2135	1
12	2137	3
12	2138	3
12	2139	2
12	2140	5
12	2141	4
12	2142	1
12	2143	6
12	2144	6
12	2145	4
12	2146	4
12	2147	2
12	2148	8
12	2149	4
12	2150	2
12	2151	4
12	2152	4
12	2154	8
12	2155	4
12	2156	5
12	2157	2
12	2158	2
12	2159	5
12	2160	2
12	2161	6
12	2162	4
12	2163	3
12	2164	4
12	2165	3
12	2166	6
12	2167	4
12	2168	4
12	2169	10
12	2170	7
12	2171	7
12	2172	9
12	2173	10
12	2174	13
12	2175	6
12	2176	4
12	2177	7
12	2178	12
12	2179	7
12	2180	6
12	2181	13
12	2182	10
12	2183	10
12	2184	12
12	2185	12
12	2186	11
12	2187	9
12	2188	17
12	2189	11
12	2190	16
12	2191	11
12	2192	11
12	2193	9
12	2194	4
12	2195	8
12	2196	11
12	2197	9
12	2198	9
12	2199	9
12	2200	8
12	2201	9
12	2202	16
12	2203	9
12	2204	10
12	2205	8
12	2206	9
12	2207	8
12	2208	7
12	2209	9
12	2210	11
12	2211	20
12	2212	11
12	2213	16
12	2214	18
12	2215	16
12	2216	14
12	2217	12
12	2218	21
12	2219	13
12	2220	8
12	2221	9
12	2222	13
12	2223	12
12	2224	10
12	2225	7
12	2226	4
12	2227	1
12	2228	1
12	2229	2
12	2233	1
12	2235	1
12	2236	1
12	2237	1
12	2238	1
12	2239	2
12	2240	1
12	2242	1
12	2245	1
12	2248	1
12	2253	1
12	2255	1
12	2265	1
12	2275	1
12	2280	1
12	2298	1
12	2299	1
12	2318	1
12	2321	1
12	2421	1
12	3999	1
24	201	1
24	334	1
24	405	1
24	453	1
24	549	1
24	585	1
24	598	1
24	644	1
24	658	1
24	666	1
24	693	1
24	696	1
24	758	1
24	795	1
24	813	1
24	827	1
24	839	1
24	857	1
24	883	2
24	909	1
24	915	1
24	945	1
24	953	1
24	1086	1
24	1114	1
24	1122	1
24	1132	1
24	1138	1
24	1183	1
24	1203	1
24	1211	1
24	1237	1
24	1245	1
24	1349	1
24	1370	1
24	1457	1
24	1486	2
24	1533	1
24	1593	1
24	1607	1
24	1609	1
24	1663	1
24	1698	1
24	1700	1
24	1727	1
24	1762	1
24	1766	1
24	1774	1
24	1822	1
24	1838	1
24	1845	1
24	1853	1
24	1869	1
24	1883	1
24	1897	1
24	1926	1
24	1950	1
24	1970	1
24	1971	1
24	1988	1
24	1991	1
24	1993	1
24	1996	2
24	2003	1
24	2008	1
24	2014	1
24	2015	1
24	2016	1
24	2018	1
24	2019	2
24	2020	1
24	2022	1
24	2024	1
24	2025	1
24	2028	1
24	2031	1
24	2033	2
24	2035	2
24	2038	1
24	2039	1
24	2040	2
24	2042	2
24	2043	1
24	2044	1
24	2045	2
24	2046	1
24	2047	1
24	2049	1
24	2051	2
24	2052	1
24	2053	1
24	2055	2
24	2056	2
24	2060	1
24	2061	1
24	2062	2
24	2063	2
24	2064	3
24	2066	2
24	2068	3
24	2069	2
24	2070	1
24	2071	3
24	2072	1
24	2076	1
24	2079	1
24	2081	1
24	2083	3
24	2084	1
24	2086	2
24	2087	3
24	2088	1
24	2089	1
24	2090	1
24	2092	1
24	2093	4
24	2094	2
24	2095	2
24	2096	2
24	2097	1
24	2098	1
24	2099	3
24	2100	2
24	2101	3
24	2102	2
24	2103	5
24	2106	2
24	2107	3
24	2108	4
24	2110	4
24	2111	3
24	2112	2
24	2113	1
24	2114	3
24	2115	2
24	2116	8
24	2117	3
24	2118	7
24	2119	6
24	2121	3
24	2122	1
24	2123	2
24	2125	3
24	2126	2
24	2127	2
24	2128	4
24	2129	2
24	2130	2
24	2131	4
24	2132	3
24	2133	1
24	2134	2
24	2135	3
24	2136	5
24	2137	6
24	2138	1
24	2139	6
24	2140	3
24	2141	1
24	2142	10
24	2143	9
24	2145	3
24	2146	6
24	2147	3
24	2148	3
24	2149	8
24	2150	6
24	2151	4
24	2152	9
24	2153	6
24	2155	14
24	2156	5
24	2157	4
24	2158	5
24	2159	7
24	2160	4
24	2161	9
24	2162	9
24	2163	9
24	2164	10
24	2165	5
24	2166	10
24	2167	1
24	2168	11
24	2169	13
24	2170	10
24	2171	14
24	2172	12
24	2173	6
24	2174	7
24	2175	10
24	2176	6
24	2177	13
24	2178	11
24	2179	16
24	2180	8
24	2181	7
24	2182	16
24	2183	10
24	2184	14
24	2185	12
24	2186	14
24	2187	13
24	2188	16
24	2189	10
24	2190	12
24	2191	19
24	2192	11
24	2193	11
24	2194	6
24	2195	2
24	2196	7
24	2197	6
24	2198	6
24	2199	9
24	2200	7
24	2201	3
24	2202	5
24	2203	4
24	2204	9
24	2205	8
24	2206	5
24	2207	5
24	2208	5
24	2209	6
24	2210	6
24	2211	6
24	2212	3
24	2213	5
24	2214	17
24	2215	3
24	2216	10
24	2217	9
24	2218	8
24	2219	12
24	2220	12
24	2221	9
24	2222	7
24	2223	4
24	2224	1
24	2225	2
24	2227	1
24	2228	1
24	2230	2
24	2232	1
24	2234	1
24	2236	2
24	2239	1
24	2245	1
24	2248	1
24	2249	1
24	2250	1
24	2259	1
24	2270	1
24	2272	1
24	2280	1
24	2305	1
24	2310	1
36	75	1
36	178	1
36	216	1
36	283	1
36	291	1
36	369	1
36	388	1
36	444	1
36	604	1
36	660	1
36	662	1
36	736	1
36	782	1
36	818	1
36	857	1
36	925	1
36	1068	1
36	1081	1
36	1122	1
36	1126	1
36	1130	1
36	1148	1
36	1197	1
36	1210	1
36	1338	1
36	1361	1
36	1369	1
36	1379	1
36	1440	1
36	1455	1
36	1482	1
36	1488	1
36	1518	1
36	1519	1
36	1523	1
36	1549	1
36	1620	1
36	1683	1
36	1743	1
36	1747	1
36	1795	1
36	1797	1
36	1831	1
36	1843	1
36	1854	2
36	1898	1
36	1901	1
36	1913	1
36	1924	1
36	1929	1
36	1932	1
36	1936	1
36	1956	1
36	1962	1
36	1974	1
36	1979	2
36	1980	1
36	1981	1
36	1985	1
36	1988	1
36	1992	1
36	1993	1
36	1997	1
36	1998	1
36	1999	1
36	2002	1
36	2005	1
36	2006	1
36	2013	1
36	2021	2
36	2024	1
36	2028	1
36	2029	1
36	2030	1
36	2039	2
36	2040	1
36	2043	1
36	2046	1
36	2048	1
36	2050	1
36	2052	1
36	2053	1
36	2056	1
36	2057	1
36	2060	2
36	2062	1
36	2066	1
36	2069	1
36	2070	3
36	2071	3
36	2072	1
36	2073	1
36	2075	1
36	2078	2
36	2079	1
36	2080	4
36	2081	2
36	2082	2
36	2085	3
36	2088	2
36	2089	1
36	2090	2
36	2092	2
36	2095	1
36	2096	4
36	2097	3
36	2098	1
36	2100	2
36	2101	1
36	2102	2
36	2103	2
36	2104	2
36	2107	1
36	2108	2
36	2109	2
36	2110	3
36	2111	2
36	2112	4
36	2113	1
36	2114	1
36	2115	5
36	2116	2
36	2117	1
36	2118	3
36	2119	1
36	2120	3
36	2121	4
36	2122	1
36	2123	5
36	2124	1
36	2125	1
36	2126	1
36	2127	2
36	2128	5
36	2129	1
36	2130	2
36	2131	4
36	2132	4
36	2133	2
36	2134	3
36	2135	3
36	2136	2
36	2137	2
36	2138	5
36	2139	3
36	2140	4
36	2141	3
36	2142	2
36	2143	3
36	2144	6
36	2145	7
36	2146	2
36	2147	1
36	2148	5
36	2149	7
36	2150	5
36	2151	5
36	2152	5
36	2153	1
36	2154	4
36	2155	11
36	2156	2
36	2157	5
36	2158	4
36	2159	7
36	2160	5
36	2161	7
36	2162	5
36	2163	3
36	2164	10
36	2165	8
36	2166	4
36	2167	7
36	2168	7
36	2169	7
36	2170	4
36	2171	7
36	2172	11
36	2173	16
36	2174	12
36	2175	10
36	2176	11
36	2177	14
36	2178	13
36	2179	9
36	2180	9
36	2181	12
36	2182	13
36	2183	15
36	2184	10
36	2185	10
36	2186	20
36	2187	23
36	2188	16
36	2189	9
36	2190	16
36	2191	10
36	2192	5
36	2193	10
36	2194	2
36	2195	5
36	2196	8
36	2197	6
36	2198	9
36	2199	6
36	2200	8
36	2201	7
36	2202	6
36	2203	9
36	2204	9
36	2205	8
36	2206	8
36	2207	6
36	2208	5
36	2209	9
36	2210	7
36	2211	10
36	2212	10
36	2213	4
36	2214	10
36	2215	13
36	2216	10
36	2217	8
36	2218	5
36	2219	11
36	2220	5
36	2221	5
36	2222	8
36	2223	6
36	2224	3
36	2225	2
36	2226	2
36	2227	1
36	2229	1
36	2230	1
36	2231	1
36	2232	1
36	2233	1
36	2235	1
36	2238	1
36	2240	1
36	2244	3
36	2254	1
36	2256	1
36	2257	1
36	2260	1
36	2264	1
36	2285	1
36	2289	1
36	2302	1
48	51	1
48	187	1
48	253	1
48	273	1
48	342	1
48	395	1
48	463	1
48	477	1
48	550	1
48	561	1
48	615	1
48	624	1
48	725	1
48	768	1
48	901	2
48	1095	1
48	1184	1
48	1235	1
48	1246	1
48	1250	1
48	1343	1
48	1408	1
48	1432	1
48	1449	1
48	1507	1
48	1508	1
48	1512	1
48	1523	1
48	1543	1
48	1553	1
48	1569	1
48	1630	1
48	1676	1
48	1678	1
48	1695	1
48	1700	1
48	1763	1
48	1782	1
48	1785	1
48	1817	1
48	1842	1
48	1875	1
48	1887	1
48	1890	1
48	1891	1
48	1941	1
48	1944	1
48	1950	1
48	1955	1
48	1956	1
48	1958	1
48	1972	1
48	1973	1
48	1977	1
48	1980	1
48	1988	1
48	1989	1
48	1996	1
48	2001	1
48	2008	1
48	2013	2
48	2019	1
48	2021	1
48	2027	1
48	2031	1
48	2032	1
48	2035	2
48	2038	2
48	2040	1
48	2042	1
48	2054	1
48	2055	1
48	2058	1
48	2059	3
48	2060	1
48	2062	1
48	2063	3
48	2064	2
48	2066	1
48	2067	2
48	2069	1
48	2070	1
48	2071	1
48	2072	1
48	2073	1
48	2074	1
48	2077	1
48	2078	4
48	2079	1
48	2080	2
48	2081	2
48	2082	1
48	2085	1
48	2086	1
48	2087	1
48	2089	1
48	2092	1
48	2093	1
48	2094	2
48	2095	2
48	2096	2
48	2098	1
48	2099	5
48	2100	2
48	2102	1
48	2103	1
48	2104	3
48	2106	3
48	2107	3
48	2108	4
48	2109	2
48	2111	2
48	2112	3
48	2113	3
48	2114	3
48	2115	3
48	2116	1
48	2117	3
48	2118	2
48	2119	3
48	2120	3
48	2121	1
48	2122	3
48	2123	1
48	2124	3
48	2125	2
48	2126	3
48	2127	3
48	2128	1
48	2129	4
48	2130	3
48	2131	6
48	2132	2
48	2133	4
48	2134	2
48	2135	3
48	2136	3
48	2137	6
48	2138	4
48	2139	6
48	2140	2
48	2141	9
48	2142	5
48	2143	1
48	2144	3
48	2145	4
48	2146	4
48	2147	4
48	2148	4
48	2149	4
48	2150	1
48	2151	5
48	2152	4
48	2153	6
48	2154	6
48	2155	1
48	2156	4
48	2157	7
48	2158	7
48	2159	6
48	2160	5
48	2161	8
48	2162	5
48	2163	4
48	2164	7
48	2165	11
48	2166	6
48	2167	9
48	2168	4
48	2169	5
48	2170	8
48	2171	4
48	2172	11
48	2173	9
48	2174	6
48	2175	10
48	2176	8
48	2177	12
48	2178	4
48	2179	15
48	2180	11
48	2181	9
48	2182	9
48	2183	13
48	2184	8
48	2185	15
48	2186	13
48	2187	13
48	2188	14
48	2189	14
48	2190	10
48	2191	16
48	2192	8
48	2193	7
48	2194	9
48	2195	4
48	2196	4
48	2197	2
48	2198	3
48	2199	2
48	2200	3
48	2201	6
48	2202	5
48	2203	6
48	2204	3
48	2205	10
48	2206	6
48	2207	3
48	2208	5
48	2209	7
48	2210	7
48	2211	6
48	2212	7
48	2213	9
48	2214	8
48	2215	5
48	2216	5
48	2217	6
48	2218	6
48	2219	8
48	2220	9
48	2221	5
48	2222	2
48	2223	6
48	2226	1
48	2228	1
48	2239	1
48	2245	1
48	2247	1
48	2254	1
48	2267	1
48	2268	1
48	2287	1
48	2290	1
48	2291	1
48	2322	1
60	68	1
60	130	1
60	208	1
60	245	1
60	258	1
60	284	1
60	323	1
60	344	1
60	355	1
60	460	1
60	471	1
60	672	1
60	722	1
60	728	1
60	805	1
60	856	1
60	859	1
60	920	1
60	987	1
60	1049	1
60	1153	1
60	1161	1
60	1187	1
60	1225	1
60	1316	1
60	1329	1
60	1337	1
60	1366	1
60	1394	1
60	1402	1
60	1438	1
60	1465	1
60	1466	1
60	1540	1
60	1542	1
60	1571	1
60	1621	1
60	1635	1
60	1664	1
60	1721	1
60	1751	1
60	1872	1
60	1873	1
60	1894	1
60	1907	1
60	1926	1
60	1928	1
60	1930	1
60	1937	1
60	1942	1
60	1974	1
60	1977	1
60	1978	1
60	1982	1
60	1983	1
60	1986	1
60	1987	1
60	1993	2
60	1998	1
60	2001	1
60	2002	1
60	2017	1
60	2018	3
60	2021	1
60	2024	1
60	2026	1
60	2030	2
60	2031	2
60	2032	1
60	2037	1
60	2038	1
60	2040	1
60	2041	3
60	2044	2
60	2045	1
60	2047	2
60	2049	1
60	2051	2
60	2054	1
60	2058	1
60	2059	1
60	2060	1
60	2061	1
60	2064	1
60	2066	1
60	2068	1
60	2070	1
60	2072	3
60	2076	2
60	2077	1
60	2078	2
60	2079	2
60	2081	1
60	2085	4
60	2088	1
60	2089	2
60	2090	2
60	2091	2
60	2092	1
60	2093	1
60	2094	2
60	2096	1
60	2098	1
60	2100	1
60	2101	1
60	2103	1
60	2104	1
60	2105	1
60	2106	3
60	2108	1
60	2110	2
60	2111	2
60	2112	2
60	2113	1
60	2114	1
60	2115	2
60	2116	2
60	2118	1
60	2119	3
60	2120	1
60	2121	2
60	2122	2
60	2123	3
60	2124	2
60	2125	2
60	2126	1
60	2127	2
60	2128	2
60	2129	3
60	2130	6
60	2131	2
60	2132	1
60	2133	2
60	2135	6
60	2136	3
60	2137	1
60	2138	2
60	2139	3
60	2140	2
60	2141	1
60	2142	3
60	2144	3
60	2145	1
60	2146	1
60	2147	5
60	2148	5
60	2149	8
60	2150	3
60	2151	6
60	2152	2
60	2153	3
60	2154	6
60	2155	3
60	2156	3
60	2157	2
60	2158	5
60	2159	1
60	2160	4
60	2161	4
60	2162	6
60	2163	5
60	2164	6
60	2165	7
60	2166	2
60	2167	3
60	2168	5
60	2169	4
60	2170	2
60	2171	2
60	2172	4
60	2173	10
60	2174	7
60	2175	3
60	2176	5
60	2177	1
60	2178	10
60	2179	11
60	2180	7
60	2181	9
60	2182	4
60	2183	6
60	2184	2
60	2185	4
60	2186	7
60	2187	6
60	2188	3
60	2189	8
60	2190	11
60	2191	3
60	2192	8
60	2193	8
60	2194	9
60	2195	4
60	2196	5
60	2197	13
60	2198	7
60	2199	8
60	2200	9
60	2201	4
60	2202	12
60	2203	8
60	2204	12
60	2205	6
60	2206	3
60	2207	12
60	2208	13
60	2209	10
60	2210	9
60	2211	9
60	2212	11
60	2213	16
60	2214	18
60	2215	11
60	2216	17
60	2217	12
60	2218	17
60	2219	10
60	2220	15
60	2221	11
60	2222	7
60	2223	7
60	2224	3
60	2225	4
60	2227	3
60	2229	3
60	2230	1
60	2232	1
60	2233	1
60	2234	2
60	2237	1
60	2238	1
60	2241	1
60	2244	1
60	2255	1
60	2259	1
60	2266	1
60	2275	1
60	2290	1
60	2295	1
60	2346	1
60	2418	1
72	243	1
72	251	1
72	273	1
72	279	1
72	381	1
72	417	1
72	474	1
72	500	1
72	508	1
72	607	1
72	727	1
72	728	1
72	791	1
72	898	1
72	899	1
72	905	1
72	963	1
72	968	1
72	997	1
72	1043	1
72	1085	1
72	1102	1
72	1145	1
72	1176	1
72	1187	1
72	1215	1
72	1218	1
72	1231	1
72	1253	1
72	1354	1
72	1369	1
72	1381	1
72	1472	1
72	1494	1
72	1536	1
72	1538	1
72	1553	1
72	1556	1
72	1559	1
72	1570	1
72	1594	2
72	1620	1
72	1651	1
72	1670	1
72	1680	1
72	1690	1
72	1691	1
72	1735	2
72	1771	1
72	1774	1
72	1824	1
72	1833	1
72	1866	1
72	1891	1
72	1900	1
72	1903	1
72	1909	1
72	1922	1
72	1924	1
72	1926	1
72	1931	1
72	1932	1
72	1934	1
72	1937	1
72	1948	1
72	1949	1
72	1962	1
72	1968	1
72	1973	1
72	1978	1
72	1982	1
72	1985	1
72	1992	1
72	1994	1
72	1996	1
72	1999	2
72	2002	2
72	2003	1
72	2004	1
72	2008	1
72	2013	1
72	2015	2
72	2019	1
72	2020	1
72	2022	1
72	2024	1
72	2025	3
72	2026	2
72	2027	2
72	2032	2
72	2034	1
72	2038	1
72	2039	1
72	2040	1
72	2041	1
72	2042	1
72	2046	2
72	2047	2
72	2049	1
72	2050	1
72	2052	2
72	2053	1
72	2055	2
72	2059	1
72	2060	1
72	2061	1
72	2062	2
72	2064	3
72	2065	2
72	2067	5
72	2068	2
72	2069	1
72	2070	1
72	2071	3
72	2072	3
72	2073	2
72	2074	1
72	2075	1
72	2077	2
72	2078	2
72	2079	1
72	2080	4
72	2081	3
72	2082	1
72	2083	2
72	2085	1
72	2086	2
72	2087	2
72	2088	1
72	2089	1
72	2090	5
72	2093	2
72	2094	3
72	2095	4
72	2096	3
72	2097	2
72	2099	3
72	2100	6
72	2101	1
72	2102	1
72	2103	2
72	2104	4
72	2105	1
72	2106	2
72	2107	4
72	2108	2
72	2109	1
72	2110	4
72	2111	6
72	2112	3
72	2113	4
72	2114	5
72	2115	1
72	2116	4
72	2117	2
72	2118	1
72	2119	3
72	2120	7
72	2121	2
72	2122	2
72	2123	3
72	2124	4
72	2125	7
72	2126	9
72	2127	2
72	2128	5
72	2129	3
72	2130	5
72	2131	4
72	2132	3
72	2133	2
72	2134	10
72	2135	4
72	2136	1
72	2137	1
72	2138	9
72	2139	7
72	2140	4
72	2141	2
72	2142	6
72	2143	7
72	2144	9
72	2145	5
72	2146	6
72	2147	6
72	2148	4
72	2149	4
72	2150	2
72	2151	4
72	2152	4
72	2153	3
72	2154	8
72	2155	4
72	2156	4
72	2157	6
72	2158	8
72	2159	4
72	2160	8
72	2161	6
72	2162	5
72	2163	9
72	2164	12
72	2165	10
72	2166	7
72	2167	8
72	2168	12
72	2169	17
72	2170	8
72	2171	11
72	2172	13
72	2173	8
72	2174	6
72	2175	16
72	2176	18
72	2177	9
72	2178	18
72	2179	10
72	2180	11
72	2181	18
72	2182	18
72	2183	20
72	2184	23
72	2185	19
72	2186	16
72	2187	20
72	2188	20
72	2189	15
72	2190	10
72	2191	20
72	2192	14
72	2193	5
72	2194	6
72	2195	9
72	2196	3
72	2197	4
72	2198	3
72	2199	8
72	2200	4
72	2201	5
72	2202	9
72	2203	4
72	2204	5
72	2205	7
72	2206	14
72	2207	7
72	2208	15
72	2209	5
72	2210	6
72	2211	13
72	2212	11
72	2213	6
72	2214	9
72	2215	11
72	2216	11
72	2217	7
72	2218	11
72	2219	11
72	2220	9
72	2221	8
72	2222	6
72	2223	3
72	2224	3
72	2225	1
72	2226	3
72	2228	1
72	2230	2
72	2231	1
72	2235	1
72	2237	2
72	2238	3
72	2239	1
72	2242	1
72	2246	2
72	2249	1
72	2256	1
72	2291	1
72	2354	1
84	212	1
84	297	1
84	319	1
84	320	1
84	358	1
84	388	1
84	418	1
84	502	1
84	640	1
84	648	1
84	706	1
84	781	1
84	867	1
84	951	1
84	1038	1
84	1088	1
84	1213	1
84	1218	1
84	1247	1
84	1275	1
84	1397	1
84	1431	1
84	1464	1
84	1465	1
84	1469	1
84	1480	1
84	1483	1
84	1490	1
84	1491	1
84	1508	1
84	1630	1
84	1651	1
84	1668	1
84	1696	1
84	1705	1
84	1706	1
84	1707	1
84	1779	2
84	1787	1
84	1794	1
84	1808	1
84	1816	1
84	1847	1
84	1858	2
84	1864	1
84	1903	1
84	1918	1
84	1920	1
84	1922	2
84	1936	1
84	1938	1
84	1947	1
84	1954	1
84	1955	1
84	1957	1
84	1968	1
84	1972	2
84	1979	2
84	1982	1
84	1992	1
84	1997	1
84	2001	1
84	2013	1
84	2018	1
84	2020	1
84	2025	1
84	2028	1
84	2030	4
84	2032	1
84	2035	1
84	2037	2
84	2040	1
84	2043	1
84	2045	1
84	2046	1
84	2049	2
84	2050	1
84	2053	1
84	2056	2
84	2057	1
84	2058	1
84	2062	1
84	2065	2
84	2066	2
84	2067	1
84	2068	1
84	2069	1
84	2070	1
84	2072	2
84	2073	2
84	2074	3
84	2077	3
84	2078	1
84	2079	2
84	2081	2
84	2082	1
84	2083	1
84	2084	1
84	2085	4
84	2086	4
84	2087	1
84	2088	1
84	2089	2
84	2090	1
84	2091	3
84	2092	3
84	2093	1
84	2094	4
84	2095	1
84	2096	1
84	2097	3
84	2098	1
84	2099	3
84	2100	1
84	2101	3
84	2102	2
84	2103	1
84	2105	2
84	2106	1
84	2107	2
84	2108	3
84	2109	5
84	2110	1
84	2111	4
84	2112	3
84	2113	3
84	2114	3
84	2115	4
84	2116	4
84	2117	1
84	2118	2
84	2119	4
84	2120	2
84	2121	5
84	2122	5
84	2123	2
84	2124	2
84	2125	2
84	2126	6
84	2127	4
84	2128	2
84	2129	2
84	2130	1
84	2131	2
84	2132	5
84	2133	1
84	2134	4
84	2135	1
84	2136	5
84	2137	3
84	2138	5
84	2139	4
84	2140	3
84	2141	4
84	2142	3
84	2143	2
84	2144	6
84	2145	4
84	2146	4
84	2147	6
84	2148	4
84	2149	4
84	2150	2
84	2151	4
84	2152	4
84	2153	4
84	2154	1
84	2155	8
84	2156	8
84	2157	5
84	2158	6
84	2159	3
84	2160	4
84	2161	5
84	2162	2
84	2163	6
84	2164	9
84	2165	9
84	2166	8
84	2167	5
84	2168	7
84	2169	5
84	2170	7
84	2171	10
84	2172	5
84	2173	3
84	2174	14
84	2175	8
84	2176	10
84	2177	6
84	2178	9
84	2179	11
84	2180	8
84	2181	18
84	2182	10
84	2183	10
84	2184	8
84	2185	12
84	2186	12
84	2187	15
84	2188	17
84	2189	20
84	2190	18
84	2191	7
84	2192	5
84	2193	6
84	2194	4
84	2195	5
84	2196	5
84	2197	3
84	2198	7
84	2199	8
84	2200	3
84	2201	1
84	2202	6
84	2203	6
84	2204	2
84	2205	7
84	2206	9
84	2207	8
84	2208	7
84	2209	3
84	2210	15
84	2211	8
84	2212	3
84	2213	12
84	2214	8
84	2215	12
84	2216	4
84	2217	10
84	2218	3
84	2219	8
84	2220	2
84	2221	10
84	2222	4
84	2223	3
84	2224	3
84	2225	1
84	2226	1
84	2228	1
84	2230	1
84	2231	1
84	2235	1
84	2242	1
84	2323	1
96	316	1
96	432	1
96	492	1
96	695	1
96	727	1
96	732	1
96	766	1
96	844	1
96	890	1
96	991	1
96	1027	1
96	1048	1
96	1080	1
96	1088	1
96	1094	1
96	1206	1
96	1224	1
96	1315	1
96	1406	1
96	1414	1
96	1444	1
96	1453	1
96	1456	1
96	1499	1
96	1512	1
96	1536	1
96	1545	1
96	1577	1
96	1597	1
96	1611	1
96	1666	1
96	1729	1
96	1746	1
96	1753	1
96	1757	1
96	1780	1
96	1799	1
96	1802	1
96	1814	1
96	1817	1
96	1828	1
96	1838	1
96	1842	1
96	1843	1
96	1847	1
96	1852	1
96	1855	1
96	1876	1
96	1877	1
96	1895	1
96	1917	1
96	1944	2
96	1951	1
96	1967	1
96	1975	1
96	1980	1
96	1981	2
96	1994	2
96	1997	1
96	2003	1
96	2009	1
96	2011	1
96	2013	1
96	2016	2
96	2021	1
96	2027	1
96	2031	4
96	2039	1
96	2042	2
96	2048	1
96	2049	1
96	2051	2
96	2053	2
96	2054	1
96	2055	1
96	2056	1
96	2057	1
96	2059	1
96	2062	2
96	2063	3
96	2067	2
96	2068	1
96	2069	1
96	2070	2
96	2074	1
96	2075	1
96	2076	1
96	2077	2
96	2078	1
96	2080	2
96	2081	1
96	2082	2
96	2084	4
96	2087	3
96	2088	1
96	2089	2
96	2090	1
96	2091	2
96	2092	1
96	2096	3
96	2098	2
96	2099	3
96	2100	2
96	2101	2
96	2102	1
96	2104	3
96	2105	1
96	2106	1
96	2108	2
96	2109	1
96	2110	2
96	2111	2
96	2112	2
96	2113	2
96	2115	4
96	2116	1
96	2117	1
96	2118	1
96	2119	1
96	2120	3
96	2121	3
96	2122	1
96	2123	1
96	2124	3
96	2125	1
96	2126	1
96	2127	2
96	2128	3
96	2130	7
96	2131	2
96	2133	2
96	2134	3
96	2135	5
96	2136	2
96	2137	3
96	2138	5
96	2139	3
96	2140	4
96	2141	2
96	2142	5
96	2143	1
96	2144	3
96	2145	2
96	2146	5
96	2147	1
96	2148	1
96	2149	6
96	2150	1
96	2151	3
96	2152	2
96	2153	2
96	2154	5
96	2155	2
96	2156	4
96	2157	3
96	2158	2
96	2159	4
96	2160	1
96	2161	8
96	2162	2
96	2163	4
96	2164	4
96	2165	3
96	2166	7
96	2167	7
96	2168	7
96	2169	4
96	2170	1
96	2171	5
96	2172	8
96	2173	5
96	2174	3
96	2175	8
96	2176	8
96	2177	6
96	2178	7
96	2179	7
96	2180	4
96	2181	9
96	2182	9
96	2183	5
96	2184	8
96	2185	12
96	2186	11
96	2187	7
96	2188	12
96	2189	5
96	2190	11
96	2191	15
96	2192	4
96	2193	10
96	2194	6
96	2195	11
96	2196	8
96	2197	9
96	2198	5
96	2199	7
96	2200	6
96	2201	7
96	2202	8
96	2203	3
96	2204	10
96	2205	6
96	2206	9
96	2207	10
96	2208	12
96	2209	13
96	2210	11
96	2211	6
96	2212	12
96	2213	16
96	2214	18
96	2215	9
96	2216	11
96	2217	18
96	2218	14
96	2219	19
96	2220	8
96	2221	6
96	2222	12
96	2223	6
96	2224	1
96	2225	1
96	2226	2
96	2227	3
96	2228	2
96	2230	3
96	2233	1
96	2236	1
96	2237	1
96	2243	1
96	2244	3
96	2246	2
96	2248	1
96	2249	1
96	2250	1
96	2268	1
96	2269	1
96	2279	1
108	181	1
108	235	1
108	305	1
108	463	1
108	467	1
108	611	1
108	638	1
108	698	1
108	717	1
108	759	1
108	812	1
108	827	1
108	846	1
108	860	1
108	954	1
108	969	1
108	987	1
108	1007	1
108	1192	1
108	1240	1
108	1278	1
108	1290	1
108	1291	1
108	1302	1
108	1317	1
108	1332	1
108	1348	1
108	1399	1
108	1409	1
108	1437	1
108	1446	1
108	1453	1
108	1570	1
108	1585	1
108	1607	1
108	1625	1
108	1672	1
108	1724	1
108	1736	1
108	1751	1
108	1813	1
108	1814	1
108	1828	1
108	1838	1
108	1874	1
108	1885	1
108	1886	1
108	1890	1
108	1915	1
108	1939	1
108	1942	1
108	1958	1
108	1965	1
108	1971	1
108	1982	1
108	1983	1
108	1988	1
108	2000	1
108	2006	1
108	2007	1
108	2008	1
108	2021	2
108	2023	2
108	2024	1
108	2028	1
108	2030	1
108	2033	2
108	2037	1
108	2038	1
108	2039	1
108	2044	3
108	2045	2
108	2048	1
108	2054	1
108	2055	1
108	2058	1
108	2059	1
108	2061	1
108	2064	1
108	2067	2
108	2068	1
108	2069	2
108	2070	1
108	2073	1
108	2074	1
108	2076	2
108	2077	1
108	2078	1
108	2079	1
108	2080	1
108	2081	1
108	2082	2
108	2084	2
108	2085	1
108	2090	2
108	2091	1
108	2092	1
108	2094	1
108	2095	1
108	2096	2
108	2097	2
108	2098	1
108	2100	2
108	2102	5
108	2103	3
108	2105	4
108	2107	2
108	2108	2
108	2110	1
108	2111	2
108	2112	3
108	2113	1
108	2114	2
108	2115	2
108	2116	1
108	2118	3
108	2119	1
108	2120	3
108	2121	3
108	2123	4
108	2124	3
108	2125	2
108	2126	3
108	2127	2
108	2128	3
108	2130	1
108	2131	2
108	2132	2
108	2133	3
108	2134	2
108	2135	4
108	2136	2
108	2137	4
108	2138	3
108	2139	3
108	2140	5
108	2141	3
108	2142	4
108	2143	3
108	2144	7
108	2145	1
108	2146	3
108	2147	3
108	2148	5
108	2149	1
108	2150	3
108	2151	2
108	2152	5
108	2153	4
108	2154	2
108	2155	4
108	2156	8
108	2157	6
108	2158	6
108	2159	2
108	2160	4
108	2161	5
108	2162	9
108	2163	7
108	2164	3
108	2165	3
108	2166	6
108	2167	6
108	2168	5
108	2169	7
108	2170	5
108	2171	10
108	2172	8
108	2173	3
108	2174	10
108	2175	10
108	2176	4
108	2177	6
108	2178	7
108	2179	9
108	2180	9
108	2181	5
108	2182	11
108	2183	13
108	2184	9
108	2185	13
108	2186	10
108	2187	6
108	2188	12
108	2189	14
108	2190	9
108	2191	5
108	2192	12
108	2193	5
108	2194	9
108	2195	2
108	2196	5
108	2197	4
108	2198	7
108	2199	3
108	2200	5
108	2201	8
108	2202	2
108	2203	3
108	2204	1
108	2205	2
108	2206	8
108	2207	6
108	2208	7
108	2209	7
108	2210	8
108	2211	4
108	2212	8
108	2213	9
108	2214	6
108	2215	9
108	2216	8
108	2217	14
108	2218	8
108	2219	4
108	2220	4
108	2221	5
108	2222	7
108	2223	1
108	2225	2
108	2226	1
108	2227	1
108	2232	1
108	2233	1
108	2236	1
108	2237	1
108	2238	1
108	2254	1
108	2267	1
108	2276	1
108	2292	1
108	2389	1
120	270	1
120	301	1
120	304	1
120	366	1
120	523	1
120	595	1
120	603	1
120	696	1
120	700	1
120	717	1
120	895	1
120	989	1
120	1028	1
120	1042	1
120	1056	1
120	1093	1
120	1143	1
120	1190	1
120	1217	1
120	1227	1
120	1236	1
120	1258	1
120	1325	1
120	1377	1
120	1413	1
120	1421	1
120	1425	1
120	1444	1
120	1451	1
120	1473	1
120	1506	1
120	1523	1
120	1533	1
120	1553	1
120	1566	1
120	1623	1
120	1626	1
120	1642	1
120	1650	1
120	1657	1
120	1658	1
120	1672	1
120	1674	2
120	1678	1
120	1679	1
120	1686	1
120	1694	1
120	1714	1
120	1735	1
120	1743	1
120	1762	1
120	1765	1
120	1784	1
120	1792	1
120	1809	1
120	1812	1
120	1830	1
120	1834	1
120	1846	1
120	1857	1
120	1860	1
120	1866	1
120	1893	1
120	1899	1
120	1918	1
120	1921	1
120	1926	1
120	1933	1
120	1944	1
120	1957	2
120	1967	1
120	1978	1
120	1984	1
120	1986	1
120	1988	1
120	1989	1
120	1990	1
120	1998	1
120	2001	1
120	2005	1
120	2007	1
120	2012	1
120	2013	1
120	2017	1
120	2018	2
120	2019	1
120	2021	1
120	2024	1
120	2025	1
120	2028	1
120	2030	2
120	2031	1
120	2032	1
120	2034	1
120	2035	1
120	2036	1
120	2037	2
120	2038	1
120	2040	1
120	2042	2
120	2043	1
120	2046	1
120	2049	2
120	2050	1
120	2055	1
120	2057	2
120	2058	2
120	2061	1
120	2062	1
120	2063	3
120	2069	1
120	2070	1
120	2071	1
120	2075	1
120	2076	2
120	2077	2
120	2078	1
120	2079	1
120	2080	1
120	2081	1
120	2083	2
120	2086	1
120	2087	2
120	2088	3
120	2092	4
120	2093	1
120	2094	2
120	2095	2
120	2096	1
120	2097	2
120	2098	2
120	2099	1
120	2100	1
120	2101	1
120	2102	2
120	2105	6
120	2106	2
120	2107	1
120	2108	4
120	2109	1
120	2110	1
120	2111	1
120	2112	3
120	2113	5
120	2114	2
120	2115	2
120	2116	1
120	2117	1
120	2118	5
120	2119	4
120	2120	2
120	2121	2
120	2122	2
120	2123	3
120	2124	3
120	2125	2
120	2126	2
120	2127	3
120	2128	2
120	2129	2
120	2132	2
120	2133	2
120	2134	3
120	2138	4
120	2139	3
120	2140	3
120	2141	3
120	2142	2
120	2143	3
120	2144	6
120	2145	6
120	2146	3
120	2147	1
120	2148	3
120	2149	5
120	2150	4
120	2151	7
120	2152	3
120	2153	1
120	2154	3
120	2155	1
120	2156	5
120	2157	4
120	2158	3
120	2159	4
120	2160	9
120	2161	1
120	2162	7
120	2163	6
120	2164	4
120	2165	7
120	2166	3
120	2167	4
120	2168	4
120	2169	4
120	2170	2
120	2171	5
120	2172	7
120	2173	5
120	2174	4
120	2175	7
120	2176	7
120	2177	3
120	2178	14
120	2179	10
120	2180	5
120	2181	9
120	2182	9
120	2183	5
120	2184	14
120	2185	5
120	2186	6
120	2187	4
120	2188	12
120	2189	6
120	2190	8
120	2191	7
120	2192	9
120	2193	10
120	2194	3
120	2195	11
120	2196	3
120	2197	8
120	2198	10
120	2199	10
120	2200	8
120	2201	9
120	2202	12
120	2203	9
120	2204	8
120	2205	6
120	2206	15
120	2207	13
120	2208	18
120	2209	13
120	2210	11
120	2211	17
120	2212	17
120	2213	17
120	2214	18
120	2215	15
120	2216	16
120	2217	18
120	2218	10
120	2219	22
120	2220	9
120	2221	13
120	2222	12
120	2223	10
120	2224	8
120	2225	3
120	2226	2
120	2227	3
120	2229	4
120	2230	2
120	2231	2
120	2233	2
120	2234	2
120	2235	1
120	2239	1
120	2242	1
120	2250	1
120	2269	2
120	2272	1
120	2309	1
120	2326	1
120	2349	1
132	219	1
132	252	1
132	303	1
132	320	1
132	436	1
132	588	1
132	710	1
132	804	1
132	807	1
132	816	1
132	833	1
132	875	1
132	903	1
132	941	1
132	970	1
132	1021	1
132	1036	1
132	1044	1
132	1045	1
132	1088	1
132	1184	1
132	1191	1
132	1252	1
132	1260	1
132	1270	1
132	1282	1
132	1295	1
132	1304	1
132	1324	1
132	1337	1
132	1338	1
132	1488	1
132	1516	1
132	1530	1
132	1571	1
132	1575	1
132	1581	1
132	1589	1
132	1630	1
132	1631	1
132	1635	1
132	1641	1
132	1649	1
132	1667	1
132	1705	1
132	1706	1
132	1727	1
132	1762	1
132	1767	1
132	1780	1
132	1859	1
132	1864	1
132	1871	1
132	1887	1
132	1952	1
132	1969	1
132	1971	2
132	1982	1
132	1983	1
132	1986	2
132	1987	1
132	1998	1
132	2002	1
132	2010	1
132	2012	1
132	2013	1
132	2014	2
132	2015	1
132	2017	1
132	2023	1
132	2025	1
132	2028	1
132	2034	1
132	2038	2
132	2042	1
132	2044	1
132	2050	1
132	2055	1
132	2056	3
132	2059	1
132	2060	1
132	2063	1
132	2072	1
132	2073	1
132	2074	2
132	2075	1
132	2076	1
132	2077	2
132	2078	1
132	2079	3
132	2080	1
132	2082	1
132	2087	1
132	2088	1
132	2090	2
132	2092	2
132	2093	2
132	2094	1
132	2095	1
132	2096	1
132	2097	2
132	2099	3
132	2100	3
132	2102	1
132	2104	2
132	2105	1
132	2106	1
132	2107	1
132	2109	3
132	2110	2
132	2111	2
132	2112	1
132	2113	2
132	2114	2
132	2115	2
132	2116	1
132	2118	2
132	2119	2
132	2120	1
132	2121	1
132	2123	2
132	2124	2
132	2125	2
132	2126	2
132	2127	1
132	2128	2
132	2130	3
132	2131	1
132	2132	1
132	2133	4
132	2134	2
132	2135	3
132	2136	2
132	2137	1
132	2138	1
132	2139	1
132	2140	1
132	2141	2
132	2142	2
132	2143	4
132	2145	2
132	2146	2
132	2147	4
132	2148	5
132	2149	4
132	2150	6
132	2151	3
132	2152	5
132	2153	7
132	2154	4
132	2155	4
132	2156	4
132	2157	3
132	2158	3
132	2159	3
132	2160	4
132	2161	4
132	2162	2
132	2163	4
132	2164	2
132	2165	9
132	2166	5
132	2167	3
132	2168	4
132	2169	5
132	2170	3
132	2171	9
132	2172	8
132	2173	7
132	2174	8
132	2175	3
132	2176	8
132	2177	5
132	2178	8
132	2179	6
132	2180	4
132	2181	10
132	2182	8
132	2183	19
132	2184	8
132	2185	12
132	2186	6
132	2187	4
132	2188	9
132	2189	5
132	2190	8
132	2191	15
132	2192	5
132	2193	7
132	2194	5
132	2195	7
132	2196	4
132	2197	1
132	2198	2
132	2199	5
132	2200	4
132	2201	2
132	2202	7
132	2203	1
132	2204	4
132	2205	6
132	2206	7
132	2207	3
132	2208	4
132	2209	3
132	2210	8
132	2211	4
132	2212	5
132	2213	2
132	2214	9
132	2215	4
132	2216	9
132	2217	3
132	2218	9
132	2219	5
132	2220	7
132	2221	1
132	2222	5
132	2223	4
132	2224	1
132	2225	1
132	2226	3
132	2227	2
132	2229	1
132	2230	1
132	2232	1
132	2240	1
132	2241	2
132	2244	1
132	2249	1
132	2261	1
132	2263	1
132	2269	1
132	2325	1
132	2356	1
144	212	1
144	269	1
144	379	1
144	400	1
144	402	1
144	403	1
144	449	1
144	490	1
144	499	2
144	553	1
144	605	1
144	636	1
144	637	1
144	702	1
144	728	1
144	902	1
144	1043	1
144	1074	1
144	1091	1
144	1172	1
144	1225	1
144	1310	1
144	1359	1
144	1426	1
144	1508	1
144	1605	1
144	1771	1
144	1817	1
144	1828	1
144	1845	1
144	1848	1
144	1866	1
144	1874	1
144	1877	1
144	1882	1
144	1894	1
144	1906	1
144	1915	1
144	1920	1
144	1933	1
144	1940	1
144	1948	1
144	1963	1
144	1971	1
144	1973	1
144	1980	1
144	1984	1
144	1990	1
144	1993	1
144	1998	1
144	2009	1
144	2010	2
144	2013	1
144	2015	1
144	2017	1
144	2018	1
144	2019	1
144	2025	1
144	2031	1
144	2032	1
144	2035	1
144	2037	1
144	2040	1
144	2044	1
144	2048	1
144	2052	1
144	2057	1
144	2062	2
144	2063	2
144	2066	1
144	2067	1
144	2071	1
144	2074	1
144	2075	2
144	2077	1
144	2078	3
144	2079	1
144	2080	1
144	2081	1
144	2082	2
144	2084	2
144	2086	1
144	2087	1
144	2088	1
144	2089	3
144	2090	2
144	2091	2
144	2092	2
144	2093	1
144	2094	1
144	2095	2
144	2096	3
144	2098	2
144	2099	2
144	2100	2
144	2101	2
144	2102	1
144	2103	2
144	2104	1
144	2105	1
144	2106	1
144	2107	1
144	2108	1
144	2112	2
144	2113	3
144	2114	4
144	2115	3
144	2118	2
144	2119	2
144	2122	2
144	2123	5
144	2124	1
144	2125	1
144	2126	2
144	2127	3
144	2128	2
144	2129	2
144	2130	2
144	2132	1
144	2133	3
144	2134	2
144	2135	3
144	2136	2
144	2137	3
144	2138	5
144	2139	3
144	2140	2
144	2141	7
144	2142	2
144	2143	5
144	2144	4
144	2146	3
144	2147	5
144	2148	5
144	2149	4
144	2150	6
144	2151	4
144	2152	5
144	2153	1
144	2154	7
144	2155	7
144	2156	5
144	2157	4
144	2158	4
144	2159	3
144	2160	1
144	2161	5
144	2162	2
144	2163	6
144	2164	6
144	2165	7
144	2166	9
144	2167	6
144	2168	6
144	2169	4
144	2170	4
144	2171	7
144	2172	7
144	2173	6
144	2174	10
144	2175	7
144	2176	7
144	2177	6
144	2178	8
144	2179	10
144	2180	12
144	2181	8
144	2182	7
144	2183	13
144	2184	12
144	2185	7
144	2186	9
144	2187	10
144	2188	11
144	2189	9
144	2190	9
144	2191	13
144	2192	8
144	2193	11
144	2194	4
144	2195	6
144	2197	3
144	2198	6
144	2199	2
144	2200	1
144	2201	4
144	2202	9
144	2203	2
144	2204	5
144	2205	7
144	2206	6
144	2207	6
144	2208	4
144	2209	9
144	2210	4
144	2211	7
144	2212	5
144	2213	5
144	2214	10
144	2215	11
144	2216	8
144	2217	13
144	2218	10
144	2219	8
144	2220	7
144	2221	9
144	2222	1
144	2223	3
144	2224	1
144	2225	1
144	2226	2
144	2228	1
144	2233	1
144	2237	1
144	2238	1
144	2239	1
144	2243	1
144	2272	1
144	2410	1
144	3436	1
156	146	1
156	277	1
156	347	1
156	373	1
156	393	1
156	410	1
156	519	1
156	737	1
156	742	1
156	762	1
156	767	1
156	795	1
156	839	1
156	942	1
156	962	1
156	1031	1
156	1057	1
156	1069	1
156	1092	1
156	1220	1
156	1326	1
156	1360	1
156	1368	1
156	1369	1
156	1371	1
156	1398	1
156	1404	1
156	1419	1
156	1486	1
156	1528	1
156	1531	1
156	1639	1
156	1668	1
156	1679	1
156	1696	1
156	1698	1
156	1719	1
156	1731	1
156	1756	1
156	1769	1
156	1805	1
156	1825	1
156	1828	1
156	1835	3
156	1848	1
156	1850	1
156	1852	1
156	1853	1
156	1887	1
156	1901	1
156	1923	1
156	1938	1
156	1952	1
156	1959	1
156	1965	1
156	1967	1
156	1969	1
156	1970	1
156	1972	1
156	1981	1
156	1987	1
156	1993	2
156	2001	1
156	2004	1
156	2005	1
156	2008	3
156	2009	1
156	2017	1
156	2019	1
156	2020	1
156	2022	1
156	2024	1
156	2025	1
156	2026	1
156	2030	1
156	2032	1
156	2033	1
156	2034	2
156	2035	1
156	2037	1
156	2039	1
156	2043	1
156	2048	5
156	2049	2
156	2052	1
156	2054	1
156	2058	1
156	2059	1
156	2061	2
156	2062	1
156	2065	1
156	2066	1
156	2068	3
156	2070	4
156	2072	1
156	2078	1
156	2079	1
156	2081	1
156	2082	1
156	2083	2
156	2084	1
156	2085	1
156	2086	2
156	2087	2
156	2088	1
156	2090	2
156	2091	1
156	2094	3
156	2095	2
156	2096	5
156	2097	2
156	2098	2
156	2099	3
156	2100	1
156	2101	2
156	2102	1
156	2103	2
156	2104	2
156	2106	3
156	2107	2
156	2108	1
156	2109	1
156	2110	1
156	2111	2
156	2112	6
156	2113	1
156	2114	1
156	2115	4
156	2116	1
156	2117	2
156	2119	1
156	2121	2
156	2122	4
156	2124	5
156	2125	4
156	2126	2
156	2127	6
156	2128	3
156	2129	1
156	2130	1
156	2131	3
156	2133	4
156	2134	3
156	2135	3
156	2136	2
156	2137	4
156	2138	3
156	2139	1
156	2140	2
156	2141	1
156	2142	2
156	2143	3
156	2144	2
156	2145	2
156	2146	2
156	2147	4
156	2148	6
156	2149	5
156	2150	4
156	2151	3
156	2152	7
156	2153	3
156	2154	3
156	2155	2
156	2156	7
156	2157	3
156	2158	4
156	2159	5
156	2160	5
156	2161	5
156	2162	7
156	2163	5
156	2164	7
156	2165	11
156	2166	8
156	2167	6
156	2168	7
156	2169	5
156	2170	4
156	2171	12
156	2172	6
156	2173	8
156	2174	9
156	2175	6
156	2176	12
156	2177	8
156	2178	11
156	2179	11
156	2180	8
156	2181	10
156	2182	8
156	2183	9
156	2184	12
156	2185	13
156	2186	10
156	2187	13
156	2188	9
156	2189	18
156	2190	13
156	2191	9
156	2192	5
156	2193	6
156	2194	3
156	2195	5
156	2196	3
156	2197	5
156	2198	6
156	2199	6
156	2200	7
156	2201	4
156	2202	7
156	2203	10
156	2204	4
156	2205	3
156	2206	5
156	2207	8
156	2208	9
156	2209	7
156	2210	10
156	2211	6
156	2212	6
156	2213	11
156	2214	11
156	2215	10
156	2216	8
156	2217	9
156	2218	8
156	2219	14
156	2220	10
156	2221	3
156	2222	4
156	2223	2
156	2224	5
156	2225	3
156	2226	1
156	2227	1
156	2228	1
156	2230	1
156	2231	1
156	2232	2
156	2235	1
156	2236	1
156	2241	1
156	2242	1
156	2244	1
156	2255	1
156	2275	1
156	2282	1
168	386	1
168	401	1
168	458	1
168	465	1
168	475	1
168	527	1
168	546	1
168	568	1
168	637	1
168	658	1
168	689	1
168	805	1
168	907	1
168	1015	1
168	1038	1
168	1119	1
168	1197	1
168	1230	1
168	1265	1
168	1354	1
168	1383	1
168	1393	1
168	1438	1
168	1456	1
168	1545	1
168	1601	1
168	1622	1
168	1654	1
168	1689	1
168	1697	1
168	1708	1
168	1729	1
168	1745	1
168	1766	1
168	1780	1
168	1793	1
168	1807	1
168	1832	1
168	1844	1
168	1867	1
168	1877	1
168	1885	1
168	1892	1
168	1906	1
168	1922	1
168	1943	1
168	1957	1
168	1959	1
168	1965	1
168	1968	1
168	1973	1
168	1988	1
168	1993	1
168	1995	1
168	2006	1
168	2013	1
168	2015	1
168	2018	1
168	2020	2
168	2023	1
168	2024	1
168	2025	2
168	2031	1
168	2039	3
168	2041	1
168	2043	1
168	2044	1
168	2045	1
168	2046	1
168	2050	1
168	2051	2
168	2053	1
168	2057	2
168	2058	2
168	2061	1
168	2062	2
168	2063	1
168	2064	1
168	2066	4
168	2067	2
168	2070	2
168	2073	1
168	2078	3
168	2079	1
168	2081	3
168	2083	1
168	2085	2
168	2088	1
168	2089	2
168	2092	2
168	2093	1
168	2094	1
168	2096	1
168	2097	4
168	2098	1
168	2099	2
168	2100	2
168	2101	3
168	2103	1
168	2104	2
168	2107	2
168	2108	3
168	2109	2
168	2110	2
168	2111	1
168	2112	2
168	2113	2
168	2114	4
168	2115	2
168	2116	2
168	2117	1
168	2118	2
168	2119	1
168	2120	2
168	2121	2
168	2122	1
168	2123	2
168	2124	2
168	2125	3
168	2126	6
168	2127	2
168	2128	2
168	2129	2
168	2130	3
168	2131	1
168	2132	1
168	2133	1
168	2134	2
168	2135	3
168	2136	2
168	2137	5
168	2138	1
168	2139	1
168	2140	4
168	2141	5
168	2142	2
168	2143	2
168	2144	2
168	2145	3
168	2146	3
168	2147	6
168	2148	5
168	2149	5
168	2150	2
168	2151	5
168	2152	3
168	2153	7
168	2154	3
168	2155	7
168	2156	3
168	2157	8
168	2158	6
168	2159	5
168	2160	8
168	2161	3
168	2162	7
168	2163	9
168	2164	5
168	2165	7
168	2166	9
168	2167	7
168	2168	11
168	2169	9
168	2170	7
168	2171	11
168	2172	7
168	2173	6
168	2174	13
168	2175	6
168	2176	5
168	2177	2
168	2178	7
168	2179	14
168	2180	3
168	2181	8
168	2182	5
168	2183	9
168	2184	11
168	2185	17
168	2186	13
168	2187	9
168	2188	11
168	2189	13
168	2190	8
168	2191	3
168	2192	18
168	2193	8
168	2194	6
168	2195	10
168	2196	6
168	2197	2
168	2198	5
168	2199	7
168	2200	5
168	2201	2
168	2202	4
168	2203	3
168	2204	7
168	2205	7
168	2206	5
168	2207	11
168	2208	4
168	2209	8
168	2210	12
168	2211	10
168	2212	9
168	2213	8
168	2214	6
168	2215	9
168	2216	8
168	2217	7
168	2218	9
168	2219	8
168	2220	9
168	2221	7
168	2222	2
168	2223	2
168	2224	2
168	2228	1
168	2232	1
168	2233	1
168	2234	2
168	2237	1
168	2239	1
168	2242	1
168	2244	1
168	2248	2
168	2250	1
168	2254	1
168	2309	1
168	2390	1
180	277	1
180	281	1
180	319	1
180	401	1
180	413	1
180	415	1
180	421	1
180	433	1
180	497	1
180	553	1
180	619	2
180	686	1
180	728	1
180	766	1
180	785	1
180	830	1
180	867	1
180	949	1
180	955	1
180	975	1
180	1007	1
180	1010	1
180	1055	1
180	1059	1
180	1138	1
180	1151	1
180	1170	1
180	1187	1
180	1189	1
180	1289	1
180	1293	1
180	1339	1
180	1350	1
180	1423	1
180	1519	1
180	1521	1
180	1570	1
180	1581	1
180	1672	1
180	1775	1
180	1793	1
180	1805	1
180	1815	1
180	1834	1
180	1843	1
180	1849	1
180	1893	1
180	1895	1
180	1910	1
180	1925	1
180	1930	1
180	1940	1
180	1952	1
180	1968	1
180	1972	2
180	1975	1
180	1984	1
180	1985	1
180	1996	1
180	2009	1
180	2016	1
180	2018	1
180	2019	2
180	2022	1
180	2024	1
180	2026	3
180	2031	2
180	2032	1
180	2033	2
180	2037	2
180	2044	1
180	2047	1
180	2048	2
180	2049	1
180	2050	1
180	2051	2
180	2052	1
180	2056	2
180	2057	3
180	2059	1
180	2061	1
180	2062	2
180	2063	1
180	2064	2
180	2066	1
180	2067	3
180	2068	1
180	2069	1
180	2071	1
180	2072	1
180	2074	2
180	2075	2
180	2076	1
180	2078	4
180	2079	1
180	2080	2
180	2081	1
180	2082	2
180	2084	1
180	2085	1
180	2086	2
180	2088	2
180	2089	3
180	2092	2
180	2095	1
180	2097	3
180	2098	2
180	2099	1
180	2100	3
180	2102	2
180	2104	1
180	2106	2
180	2107	3
180	2109	2
180	2110	3
180	2111	2
180	2112	1
180	2113	2
180	2114	3
180	2115	4
180	2117	1
180	2118	4
180	2119	2
180	2120	4
180	2122	3
180	2123	4
180	2125	2
180	2126	1
180	2127	1
180	2128	3
180	2129	2
180	2130	4
180	2131	4
180	2132	5
180	2133	1
180	2134	2
180	2135	3
180	2136	4
180	2137	6
180	2138	8
180	2139	4
180	2140	6
180	2141	7
180	2142	2
180	2143	1
180	2144	3
180	2145	2
180	2146	4
180	2147	3
180	2149	2
180	2150	5
180	2151	2
180	2152	5
180	2153	3
180	2154	1
180	2155	6
180	2156	2
180	2157	2
180	2158	6
180	2159	1
180	2160	3
180	2161	6
180	2162	2
180	2163	5
180	2164	4
180	2165	7
180	2166	4
180	2167	4
180	2168	5
180	2169	6
180	2170	7
180	2171	8
180	2172	9
180	2173	8
180	2174	5
180	2175	8
180	2176	9
180	2177	9
180	2178	7
180	2179	9
180	2180	12
180	2181	6
180	2182	11
180	2183	14
180	2184	9
180	2185	11
180	2186	9
180	2187	7
180	2188	10
180	2189	13
180	2190	9
180	2191	15
180	2192	8
180	2193	10
180	2194	8
180	2195	10
180	2196	4
180	2197	15
180	2198	11
180	2199	7
180	2200	8
180	2201	9
180	2202	5
180	2203	13
180	2204	8
180	2205	8
180	2206	9
180	2207	15
180	2208	10
180	2209	12
180	2210	13
180	2211	12
180	2212	15
180	2213	14
180	2214	18
180	2215	19
180	2216	17
180	2217	23
180	2218	24
180	2219	21
180	2220	21
180	2221	11
180	2222	7
180	2223	7
180	2224	6
180	2225	4
180	2226	2
180	2227	4
180	2228	3
180	2229	3
180	2233	1
180	2235	1
180	2237	1
180	2238	1
180	2239	1
180	2242	1
180	2244	2
180	2245	1
180	2247	2
180	2249	1
180	2250	2
180	2254	1
180	2259	1
180	2263	1
180	2264	1
180	2266	1
180	2270	2
180	2271	1
180	2288	1
180	2307	1
180	3116	1
192	208	1
192	243	1
192	290	1
192	322	1
192	594	1
192	639	1
192	649	1
192	662	1
192	693	1
192	716	1
192	761	1
192	849	1
192	870	1
192	875	1
192	926	1
192	978	1
192	1132	1
192	1214	1
192	1240	1
192	1345	1
192	1526	1
192	1542	1
192	1625	1
192	1702	1
192	1714	1
192	1751	1
192	1766	1
192	1811	1
192	1838	1
192	1893	1
192	1899	1
192	1900	1
192	1906	1
192	1924	1
192	1936	1
192	1937	1
192	1955	1
192	1972	1
192	1983	1
192	1998	1
192	1999	2
192	2001	1
192	2005	1
192	2009	1
192	2013	1
192	2021	1
192	2022	1
192	2026	2
192	2030	1
192	2031	2
192	2032	1
192	2034	1
192	2035	1
192	2041	2
192	2043	1
192	2049	1
192	2050	2
192	2051	2
192	2052	1
192	2053	1
192	2054	1
192	2055	1
192	2059	1
192	2061	2
192	2062	2
192	2063	1
192	2064	2
192	2065	1
192	2070	1
192	2072	2
192	2074	2
192	2075	1
192	2076	3
192	2077	1
192	2081	1
192	2084	1
192	2085	1
192	2088	3
192	2089	1
192	2090	1
192	2091	2
192	2092	2
192	2093	1
192	2094	1
192	2096	1
192	2097	1
192	2098	4
192	2100	4
192	2101	1
192	2102	1
192	2104	3
192	2105	3
192	2106	1
192	2107	2
192	2108	5
192	2109	1
192	2110	1
192	2111	4
192	2112	2
192	2113	2
192	2114	2
192	2115	3
192	2116	2
192	2118	2
192	2119	2
192	2120	2
192	2121	1
192	2122	1
192	2123	2
192	2124	5
192	2126	2
192	2127	4
192	2128	4
192	2129	1
192	2130	6
192	2131	2
192	2132	3
192	2133	4
192	2134	7
192	2135	2
192	2136	5
192	2137	5
192	2139	3
192	2140	2
192	2141	3
192	2142	2
192	2143	5
192	2144	4
192	2145	5
192	2146	5
192	2147	6
192	2148	4
192	2149	7
192	2150	2
192	2151	8
192	2152	4
192	2153	6
192	2154	4
192	2155	9
192	2156	7
192	2157	4
192	2158	7
192	2159	5
192	2160	8
192	2161	5
192	2162	5
192	2163	6
192	2164	7
192	2165	7
192	2166	7
192	2167	12
192	2168	4
192	2169	6
192	2170	13
192	2171	6
192	2172	6
192	2173	13
192	2174	11
192	2175	8
192	2176	17
192	2177	14
192	2178	13
192	2179	14
192	2180	14
192	2181	9
192	2182	10
192	2183	15
192	2184	13
192	2185	12
192	2186	11
192	2187	18
192	2188	18
192	2189	18
192	2190	17
192	2191	11
192	2192	6
192	2193	8
192	2194	8
192	2195	6
192	2196	3
192	2197	6
192	2198	4
192	2199	8
192	2200	3
192	2201	8
192	2202	10
192	2203	8
192	2204	4
192	2205	4
192	2206	8
192	2207	8
192	2208	10
192	2209	6
192	2210	11
192	2211	8
192	2212	14
192	2213	4
192	2214	8
192	2215	10
192	2216	11
192	2217	13
192	2218	11
192	2219	5
192	2220	9
192	2221	7
192	2222	1
192	2223	2
192	2224	3
192	2225	2
192	2226	5
192	2227	1
192	2228	1
192	2229	1
192	2230	2
192	2231	1
192	2234	2
192	2240	1
192	2247	1
192	2253	1
192	2261	1
192	2268	1
192	2270	1
192	2271	1
192	2280	1
192	2327	1
204	93	1
204	207	1
204	289	1
204	312	1
204	330	1
204	367	1
204	441	1
204	610	1
204	640	1
204	774	1
204	803	1
204	875	1
204	888	1
204	890	1
204	910	1
204	945	1
204	983	1
204	1069	1
204	1099	1
204	1304	1
204	1312	1
204	1335	1
204	1348	1
204	1383	1
204	1415	1
204	1435	1
204	1444	1
204	1462	1
204	1574	1
204	1604	1
204	1623	1
204	1626	1
204	1647	1
204	1671	1
204	1744	1
204	1775	1
204	1804	1
204	1820	1
204	1826	1
204	1849	1
204	1853	1
204	1881	1
204	1892	1
204	1905	1
204	1935	1
204	1942	1
204	1944	1
204	1945	1
204	1947	1
204	1952	1
204	1954	1
204	1958	2
204	1960	1
204	1981	1
204	1982	1
204	1983	3
204	1984	1
204	1991	1
204	1996	1
204	2000	1
204	2002	1
204	2003	1
204	2006	1
204	2026	1
204	2030	1
204	2033	1
204	2037	1
204	2041	2
204	2042	1
204	2047	1
204	2048	1
204	2049	1
204	2051	1
204	2056	1
204	2057	1
204	2059	1
204	2060	2
204	2061	2
204	2063	1
204	2065	2
204	2066	1
204	2067	2
204	2069	1
204	2072	1
204	2075	2
204	2077	1
204	2078	2
204	2080	2
204	2083	1
204	2084	2
204	2085	1
204	2088	1
204	2092	3
204	2093	1
204	2094	2
204	2095	1
204	2096	2
204	2097	1
204	2100	3
204	2101	1
204	2102	1
204	2103	1
204	2104	1
204	2105	1
204	2106	1
204	2108	4
204	2109	4
204	2110	1
204	2111	1
204	2114	1
204	2115	3
204	2116	1
204	2117	3
204	2118	1
204	2120	3
204	2122	3
204	2123	3
204	2125	5
204	2127	4
204	2128	2
204	2130	2
204	2131	3
204	2133	3
204	2134	3
204	2135	3
204	2136	1
204	2137	2
204	2138	3
204	2139	2
204	2140	2
204	2141	5
204	2142	3
204	2143	4
204	2144	7
204	2146	3
204	2147	4
204	2148	2
204	2149	1
204	2150	6
204	2151	1
204	2152	4
204	2153	5
204	2154	3
204	2155	3
204	2156	10
204	2157	3
204	2158	8
204	2159	5
204	2160	4
204	2161	4
204	2162	9
204	2163	2
204	2164	3
204	2165	6
204	2166	3
204	2167	4
204	2168	5
204	2169	6
204	2170	5
204	2171	10
204	2172	5
204	2173	3
204	2174	8
204	2175	5
204	2176	8
204	2177	5
204	2178	3
204	2179	6
204	2180	8
204	2181	14
204	2182	9
204	2183	16
204	2184	12
204	2185	4
204	2186	16
204	2187	10
204	2188	10
204	2189	8
204	2190	8
204	2191	9
204	2192	7
204	2193	2
204	2194	1
204	2195	2
204	2196	2
204	2197	4
204	2198	3
204	2199	6
204	2200	4
204	2201	6
204	2202	7
204	2203	2
204	2204	5
204	2206	5
204	2207	5
204	2208	5
204	2209	5
204	2210	5
204	2211	8
204	2212	5
204	2213	9
204	2214	8
204	2215	4
204	2216	4
204	2217	4
204	2218	8
204	2219	5
204	2220	8
204	2221	3
204	2222	5
204	2223	4
204	2226	2
204	2227	1
204	2228	1
204	2232	1
204	2235	1
204	2245	1
204	2250	1
204	2251	2
204	2253	1
204	2255	1
204	2264	1
204	2271	2
204	2279	1
204	2304	1
204	2322	1
204	2366	1
216	63	1
216	216	1
216	220	1
216	241	1
216	252	1
216	281	1
216	318	1
216	332	1
216	369	1
216	442	1
216	462	1
216	470	1
216	485	1
216	569	1
216	586	1
216	681	1
216	683	1
216	700	1
216	716	1
216	761	1
216	762	1
216	825	1
216	847	1
216	887	1
216	902	1
216	948	1
216	963	2
216	972	1
216	985	1
216	1003	1
216	1007	1
216	1067	1
216	1088	1
216	1098	1
216	1105	1
216	1183	1
216	1185	1
216	1196	1
216	1215	1
216	1225	1
216	1291	1
216	1411	1
216	1501	1
216	1535	1
216	1548	1
216	1558	1
216	1563	1
216	1608	1
216	1635	1
216	1641	1
216	1662	1
216	1663	1
216	1669	1
216	1696	1
216	1702	1
216	1709	1
216	1710	1
216	1736	1
216	1797	1
216	1830	2
216	1840	1
216	1843	1
216	1883	1
216	1890	1
216	1895	1
216	1896	1
216	1897	1
216	1905	1
216	1921	1
216	1936	1
216	1946	1
216	1948	1
216	1955	1
216	1957	1
216	1975	2
216	1978	2
216	1980	1
216	1983	2
216	1988	1
216	1995	1
216	2002	1
216	2005	1
216	2006	1
216	2011	1
216	2012	1
216	2015	1
216	2017	1
216	2018	1
216	2019	1
216	2024	1
216	2026	1
216	2030	2
216	2031	2
216	2033	1
216	2036	2
216	2037	1
216	2039	1
216	2040	1
216	2042	1
216	2043	3
216	2047	1
216	2052	1
216	2053	1
216	2054	1
216	2056	1
216	2061	2
216	2067	1
216	2068	1
216	2070	1
216	2071	1
216	2073	1
216	2075	1
216	2076	2
216	2077	1
216	2078	1
216	2080	1
216	2081	1
216	2082	1
216	2083	1
216	2084	2
216	2085	2
216	2086	1
216	2089	1
216	2091	1
216	2092	1
216	2096	3
216	2097	4
216	2098	1
216	2099	1
216	2101	4
216	2102	4
216	2103	4
216	2104	1
216	2105	1
216	2106	2
216	2107	1
216	2108	1
216	2109	2
216	2111	3
216	2114	1
216	2115	2
216	2117	3
216	2118	2
216	2119	2
216	2120	1
216	2121	3
216	2122	1
216	2123	3
216	2124	1
216	2126	1
216	2127	3
216	2128	1
216	2130	4
216	2131	5
216	2132	1
216	2133	4
216	2134	3
216	2135	4
216	2136	1
216	2137	1
216	2139	3
216	2140	2
216	2142	1
216	2143	2
216	2144	4
216	2145	3
216	2147	2
216	2148	2
216	2149	1
216	2150	7
216	2151	4
216	2152	2
216	2153	2
216	2154	3
216	2155	3
216	2156	3
216	2157	4
216	2158	1
216	2159	3
216	2160	3
216	2161	5
216	2162	5
216	2163	4
216	2164	6
216	2165	7
216	2166	1
216	2167	4
216	2168	6
216	2169	5
216	2170	4
216	2171	12
216	2172	4
216	2173	4
216	2174	6
216	2175	10
216	2176	3
216	2177	4
216	2178	5
216	2179	9
216	2180	5
216	2181	5
216	2182	7
216	2183	16
216	2184	11
216	2185	13
216	2186	12
216	2187	10
216	2188	8
216	2189	12
216	2190	11
216	2191	10
216	2192	10
216	2193	6
216	2194	6
216	2195	8
216	2196	10
216	2197	14
216	2198	11
216	2199	9
216	2200	5
216	2201	5
216	2202	14
216	2203	9
216	2204	13
216	2205	9
216	2206	11
216	2207	14
216	2208	8
216	2209	13
216	2210	9
216	2211	17
216	2212	20
216	2213	16
216	2214	19
216	2215	17
216	2216	21
216	2217	19
216	2218	10
216	2219	18
216	2220	25
216	2221	16
216	2222	17
216	2223	9
216	2224	6
216	2225	2
216	2226	2
216	2228	1
216	2229	1
216	2230	1
216	2231	4
216	2232	5
216	2234	1
216	2235	3
216	2236	2
216	2237	1
216	2240	1
216	2242	3
216	2243	1
216	2245	1
216	2254	1
216	2255	1
216	2260	1
216	2266	1
216	2290	1
216	2292	1
216	2295	1
216	3129	1
216	3554	1
228	251	1
228	428	1
228	446	1
228	564	1
228	592	1
228	609	1
228	693	1
228	714	1
228	730	1
228	921	1
228	1027	1
228	1238	1
228	1249	1
228	1334	1
228	1357	1
228	1371	1
228	1415	1
228	1433	1
228	1438	1
228	1441	1
228	1512	1
228	1591	1
228	1627	1
228	1694	1
228	1699	1
228	1729	1
228	1742	1
228	1771	1
228	1900	1
228	1916	1
228	1935	1
228	1953	1
228	1956	1
228	1967	1
228	2000	1
228	2004	1
228	2013	1
228	2018	1
228	2033	4
228	2053	1
228	2058	1
228	2067	1
228	2068	1
228	2069	2
228	2072	2
228	2075	1
228	2077	1
228	2082	1
228	2083	1
228	2084	1
228	2085	1
228	2088	2
228	2089	1
228	2091	1
228	2092	3
228	2094	1
228	2096	1
228	2099	1
228	2100	1
228	2102	3
228	2103	1
228	2104	2
228	2106	3
228	2107	1
228	2109	1
228	2114	1
228	2115	1
228	2116	1
228	2118	1
228	2122	1
228	2124	1
228	2126	1
228	2127	1
228	2128	1
228	2129	1
228	2130	1
228	2131	1
228	2132	2
228	2133	2
228	2134	2
228	2135	4
228	2136	3
228	2138	2
228	2142	1
228	2143	1
228	2145	1
228	2146	3
228	2147	1
228	2148	2
228	2149	3
228	2150	2
228	2151	4
228	2152	3
228	2153	2
228	2154	1
228	2155	2
228	2156	2
228	2157	5
228	2158	2
228	2159	2
228	2161	3
228	2162	4
228	2163	1
228	2164	4
228	2165	2
228	2166	3
228	2167	5
228	2168	1
228	2169	3
228	2170	2
228	2171	3
228	2172	3
228	2173	7
228	2174	6
228	2175	7
228	2176	3
228	2177	3
228	2178	4
228	2179	2
228	2180	7
228	2181	3
228	2182	9
228	2183	5
228	2184	6
228	2185	8
228	2186	4
228	2187	1
228	2188	5
228	2189	8
228	2190	5
228	2191	6
228	2192	4
228	2193	4
228	2194	3
228	2195	5
228	2196	2
228	2197	1
228	2198	4
228	2199	8
228	2200	1
228	2201	3
228	2202	2
228	2203	6
228	2204	2
228	2205	6
228	2206	3
228	2207	3
228	2208	2
228	2209	4
228	2210	1
228	2211	1
228	2212	6
228	2213	4
228	2214	5
228	2215	3
228	2216	6
228	2217	6
228	2218	4
228	2219	6
228	2220	5
228	2221	1
228	2222	2
228	2223	1
228	2233	2
228	2250	1
228	2251	1
228	2258	1
228	2265	1
228	2275	1
240	56	1
240	208	1
240	217	1
240	231	1
240	274	1
240	278	1
240	299	1
240	315	1
240	440	1
240	481	1
240	517	1
240	564	1
240	573	1
240	633	1
240	748	1
240	802	1
240	873	1
240	903	1
240	908	1
240	924	1
240	1006	1
240	1028	1
240	1055	1
240	1113	1
240	1123	1
240	1131	1
240	1133	1
240	1157	1
240	1309	1
240	1328	1
240	1337	1
240	1389	1
240	1393	1
240	1397	1
240	1404	1
240	1440	1
240	1450	1
240	1462	1
240	1517	1
240	1606	1
240	1675	1
240	1718	1
240	1731	1
240	1749	1
240	1782	1
240	1787	1
240	1797	1
240	1799	1
240	1804	1
240	1808	1
240	1819	2
240	1845	1
240	1861	1
240	1863	1
240	1864	1
240	1884	1
240	1890	1
240	1891	1
240	1892	1
240	1897	1
240	1915	1
240	1922	2
240	1926	1
240	1932	1
240	1938	1
240	1947	1
240	1948	1
240	1951	1
240	1962	1
240	1968	1
240	1971	1
240	1985	1
240	1994	1
240	2002	1
240	2003	1
240	2011	1
240	2012	4
240	2014	2
240	2019	1
240	2034	1
240	2036	1
240	2040	1
240	2041	2
240	2042	1
240	2043	3
240	2044	1
240	2049	1
240	2054	3
240	2055	1
240	2056	2
240	2057	2
240	2058	1
240	2061	1
240	2065	1
240	2066	1
240	2068	2
240	2070	2
240	2072	1
240	2074	1
240	2075	1
240	2077	4
240	2079	2
240	2082	3
240	2083	1
240	2084	3
240	2085	1
240	2086	2
240	2088	1
240	2089	1
240	2090	2
240	2091	1
240	2093	3
240	2096	2
240	2097	3
240	2098	1
240	2100	1
240	2101	3
240	2102	3
240	2103	1
240	2104	2
240	2105	4
240	2106	4
240	2107	1
240	2108	2
240	2109	6
240	2110	1
240	2111	6
240	2112	2
240	2113	2
240	2114	2
240	2116	2
240	2117	2
240	2118	5
240	2119	4
240	2120	5
240	2121	4
240	2122	6
240	2123	5
240	2124	5
240	2126	2
240	2127	7
240	2128	1
240	2129	2
240	2130	1
240	2131	3
240	2132	1
240	2133	2
240	2134	1
240	2135	5
240	2136	3
240	2137	6
240	2138	4
240	2139	3
240	2140	5
240	2141	4
240	2142	8
240	2143	2
240	2144	6
240	2145	4
240	2146	6
240	2147	1
240	2148	5
240	2149	2
240	2150	4
240	2151	2
240	2152	4
240	2153	5
240	2154	6
240	2155	3
240	2156	6
240	2157	4
240	2158	9
240	2159	5
240	2160	8
240	2161	5
240	2162	4
240	2163	6
240	2164	9
240	2165	14
240	2166	9
240	2167	9
240	2168	10
240	2169	8
240	2170	10
240	2171	9
240	2172	9
240	2173	11
240	2174	14
240	2175	12
240	2176	12
240	2177	14
240	2178	2
240	2179	10
240	2180	11
240	2181	14
240	2182	13
240	2183	14
240	2184	5
240	2185	13
240	2186	17
240	2187	24
240	2188	14
240	2189	13
240	2190	14
240	2191	13
240	2192	9
240	2193	7
240	2194	4
240	2195	10
240	2196	4
240	2197	7
240	2198	5
240	2199	5
240	2200	4
240	2201	9
240	2202	6
240	2203	5
240	2204	7
240	2205	7
240	2206	9
240	2207	2
240	2208	9
240	2209	11
240	2210	14
240	2211	15
240	2212	14
240	2213	9
240	2214	14
240	2215	10
240	2216	11
240	2217	17
240	2218	5
240	2219	9
240	2220	10
240	2221	8
240	2222	8
240	2223	3
240	2224	1
240	2225	4
240	2228	3
240	2229	2
240	2234	4
240	2236	1
240	2240	1
240	2241	2
240	2251	1
240	2254	3
240	2271	1
240	2276	1
240	2298	1
240	2364	1
240	2497	1
264	231	1
264	300	1
264	312	1
264	410	1
264	431	1
264	444	1
264	519	1
264	557	1
264	561	1
264	581	1
264	582	1
264	661	1
264	675	1
264	716	1
264	722	1
264	748	1
264	800	1
264	804	1
264	817	1
264	837	1
264	859	1
264	876	1
264	917	1
264	963	1
264	967	1
264	996	1
264	1105	1
264	1155	1
264	1206	1
264	1327	1
264	1388	1
264	1393	1
264	1413	1
264	1416	1
264	1448	1
264	1473	1
264	1488	1
264	1546	1
264	1594	1
264	1668	1
264	1679	1
264	1680	1
264	1708	1
264	1711	1
264	1761	1
264	1762	1
264	1763	1
264	1767	1
264	1792	1
264	1797	1
264	1812	1
264	1818	1
264	1837	1
264	1841	1
264	1873	1
264	1879	1
264	1891	1
264	1907	1
264	1912	1
264	1919	1
264	1924	1
264	1925	1
264	1931	1
264	1932	1
264	1942	2
264	1944	1
264	1947	1
264	1948	1
264	1963	1
264	1965	1
264	1970	1
264	1971	1
264	1974	1
264	1979	1
264	1981	1
264	1982	1
264	1986	2
264	1993	1
264	1996	2
264	1997	1
264	2002	1
264	2007	1
264	2008	2
264	2009	1
264	2010	3
264	2013	1
264	2023	3
264	2025	1
264	2027	1
264	2029	1
264	2031	1
264	2035	1
264	2037	2
264	2039	1
264	2040	2
264	2041	1
264	2043	1
264	2045	2
264	2046	1
264	2052	1
264	2055	2
264	2058	3
264	2060	1
264	2061	3
264	2062	1
264	2063	2
264	2064	4
264	2065	1
264	2067	1
264	2069	1
264	2070	1
264	2071	2
264	2076	1
264	2077	1
264	2079	3
264	2081	1
264	2082	2
264	2083	1
264	2084	1
264	2085	3
264	2086	4
264	2090	3
264	2091	3
264	2092	1
264	2093	3
264	2094	2
264	2095	1
264	2096	8
264	2097	3
264	2099	3
264	2100	2
264	2101	2
264	2102	3
264	2103	7
264	2104	5
264	2106	3
264	2107	2
264	2108	2
264	2109	5
264	2110	2
264	2111	4
264	2112	4
264	2113	4
264	2115	4
264	2116	4
264	2117	3
264	2118	2
264	2119	3
264	2120	4
264	2121	1
264	2122	5
264	2123	3
264	2124	3
264	2125	9
264	2126	5
264	2127	5
264	2128	6
264	2129	1
264	2130	1
264	2131	3
264	2132	4
264	2133	3
264	2134	3
264	2135	3
264	2136	2
264	2137	6
264	2138	4
264	2139	7
264	2140	4
264	2141	8
264	2142	4
264	2143	3
264	2144	7
264	2145	2
264	2146	6
264	2147	4
264	2148	4
264	2149	9
264	2150	6
264	2151	6
264	2152	10
264	2153	3
264	2154	8
264	2155	4
264	2156	6
264	2157	5
264	2158	6
264	2159	12
264	2160	11
264	2161	11
264	2162	10
264	2163	7
264	2164	5
264	2165	6
264	2166	11
264	2167	10
264	2168	12
264	2169	12
264	2170	10
264	2171	6
264	2172	11
264	2173	12
264	2174	10
264	2175	16
264	2176	7
264	2177	17
264	2178	11
264	2179	8
264	2180	9
264	2181	19
264	2182	13
264	2183	16
264	2184	12
264	2185	16
264	2186	14
264	2187	12
264	2188	18
264	2189	14
264	2190	12
264	2191	14
264	2192	6
264	2193	8
264	2194	5
264	2195	7
264	2196	5
264	2197	2
264	2198	7
264	2199	10
264	2200	11
264	2201	8
264	2202	3
264	2203	1
264	2204	7
264	2205	6
264	2206	9
264	2207	11
264	2208	7
264	2209	19
264	2210	11
264	2211	10
264	2212	14
264	2213	11
264	2214	18
264	2215	12
264	2216	9
264	2217	9
264	2218	15
264	2219	8
264	2220	5
264	2221	12
264	2222	6
264	2223	2
264	2225	3
264	2226	1
264	2228	2
264	2230	1
264	2231	2
264	2234	1
264	2235	1
264	2237	1
264	2239	1
264	2240	1
264	2242	1
264	2249	1
264	2251	1
264	2253	1
264	2294	1
264	2343	1
264	2786	1
276	402	1
276	418	1
276	474	1
276	484	1
276	570	1
276	631	1
276	643	1
276	724	1
276	774	1
276	785	1
276	856	1
276	872	1
276	974	1
276	1219	1
276	1268	1
276	1368	1
276	1373	1
276	1397	1
276	1399	1
276	1419	1
276	1441	1
276	1442	1
276	1467	1
276	1537	1
276	1585	1
276	1627	1
276	1638	1
276	1684	1
276	1740	1
276	1778	1
276	1792	1
276	1866	1
276	1875	1
276	1891	1
276	1912	1
276	1939	1
276	1949	1
276	1953	1
276	1956	1
276	1959	1
276	1964	1
276	1966	1
276	1968	2
276	1972	2
276	1983	1
276	1985	1
276	1992	1
276	1993	1
276	2002	1
276	2003	1
276	2006	1
276	2007	1
276	2009	2
276	2011	1
276	2017	1
276	2028	1
276	2029	1
276	2033	2
276	2035	1
276	2038	1
276	2040	1
276	2046	2
276	2050	1
276	2052	1
276	2054	2
276	2055	2
276	2057	1
276	2060	1
276	2061	3
276	2067	2
276	2068	1
276	2071	1
276	2072	1
276	2076	1
276	2077	1
276	2078	1
276	2079	2
276	2080	2
276	2081	2
276	2082	4
276	2083	1
276	2084	1
276	2087	1
276	2088	1
276	2090	4
276	2092	2
276	2095	1
276	2096	1
276	2097	2
276	2098	3
276	2099	1
276	2100	4
276	2101	1
276	2102	1
276	2103	1
276	2104	1
276	2105	2
276	2106	2
276	2107	1
276	2110	1
276	2111	2
276	2113	2
276	2114	2
276	2116	1
276	2117	4
276	2118	2
276	2119	2
276	2120	2
276	2121	4
276	2122	1
276	2124	1
276	2125	3
276	2126	1
276	2127	2
276	2128	4
276	2129	3
276	2130	4
276	2131	1
276	2133	1
276	2134	5
276	2135	2
276	2136	5
276	2137	6
276	2138	1
276	2140	4
276	2141	3
276	2142	5
276	2143	4
276	2144	3
276	2145	2
276	2146	6
276	2147	4
276	2148	2
276	2149	4
276	2150	8
276	2151	4
276	2152	3
276	2153	5
276	2154	5
276	2156	3
276	2157	6
276	2158	3
276	2159	1
276	2160	4
276	2161	5
276	2162	4
276	2163	1
276	2164	4
276	2165	6
276	2166	4
276	2167	7
276	2169	6
276	2170	7
276	2171	1
276	2172	5
276	2173	6
276	2174	3
276	2175	4
276	2176	5
276	2177	6
276	2178	9
276	2179	3
276	2180	5
276	2181	3
276	2182	6
276	2183	8
276	2184	6
276	2185	10
276	2186	1
276	2187	5
276	2188	7
276	2189	7
276	2190	6
276	2191	11
276	2192	3
276	2193	7
276	2194	9
276	2195	9
276	2196	10
276	2197	5
276	2198	7
276	2199	11
276	2200	8
276	2201	6
276	2202	10
276	2203	9
276	2204	6
276	2205	9
276	2206	17
276	2207	11
276	2208	12
276	2209	10
276	2210	10
276	2211	17
276	2212	11
276	2213	12
276	2214	17
276	2215	14
276	2216	14
276	2217	12
276	2218	10
276	2219	14
276	2220	10
276	2221	13
276	2222	9
276	2223	12
276	2224	9
276	2225	2
276	2226	1
276	2228	4
276	2229	1
276	2230	2
276	2231	1
276	2232	1
276	2233	1
276	2234	2
276	2238	1
276	2239	1
276	2247	1
276	2259	1
276	2263	1
276	2283	1
276	2286	1
276	2370	1
276	2379	1
276	2414	1
276	2442	1
276	2720	1
300	293	1
300	366	1
300	415	1
300	452	1
300	471	1
300	527	1
300	578	1
300	760	1
300	761	1
300	831	1
300	850	1
300	899	1
300	912	1
300	940	1
300	975	1
300	1036	1
300	1052	1
300	1057	1
300	1076	1
300	1104	1
300	1106	1
300	1119	1
300	1165	1
300	1211	1
300	1221	1
300	1233	1
300	1343	1
300	1356	1
300	1371	1
300	1428	1
300	1444	1
300	1472	1
300	1489	1
300	1498	1
300	1527	1
300	1546	1
300	1550	1
300	1567	1
300	1572	1
300	1587	1
300	1616	1
300	1642	1
300	1644	1
300	1657	1
300	1660	1
300	1685	1
300	1721	1
300	1723	1
300	1731	1
300	1734	1
300	1736	1
300	1754	1
300	1757	1
300	1771	1
300	1774	1
300	1811	1
300	1818	1
300	1819	1
300	1849	1
300	1850	1
300	1856	1
300	1859	1
300	1869	1
300	1870	1
300	1886	1
300	1906	1
300	1914	1
300	1922	1
300	1930	1
300	1932	1
300	1934	1
300	1957	1
300	1958	1
300	1959	1
300	1961	1
300	1964	1
300	1969	1
300	1977	1
300	1979	1
300	1980	1
300	1985	1
300	1986	1
300	1990	2
300	1991	1
300	1992	1
300	1995	2
300	2004	2
300	2005	1
300	2007	1
300	2009	1
300	2010	1
300	2012	1
300	2013	1
300	2017	1
300	2019	2
300	2023	1
300	2024	1
300	2026	1
300	2028	1
300	2029	1
300	2030	1
300	2031	1
300	2032	1
300	2034	1
300	2037	1
300	2038	2
300	2039	1
300	2040	1
300	2041	1
300	2042	1
300	2043	2
300	2044	4
300	2045	1
300	2047	1
300	2048	1
300	2049	1
300	2051	2
300	2054	1
300	2055	1
300	2056	1
300	2057	1
300	2059	2
300	2062	2
300	2063	1
300	2064	2
300	2065	1
300	2067	1
300	2068	2
300	2069	1
300	2070	2
300	2071	1
300	2072	2
300	2073	1
300	2076	1
300	2077	1
300	2078	1
300	2079	3
300	2081	5
300	2082	1
300	2084	1
300	2085	2
300	2087	2
300	2088	1
300	2089	1
300	2090	2
300	2091	1
300	2093	5
300	2094	1
300	2095	1
300	2097	1
300	2098	1
300	2099	2
300	2100	4
300	2101	1
300	2102	3
300	2103	3
300	2104	1
300	2105	5
300	2106	5
300	2107	4
300	2108	2
300	2109	3
300	2110	4
300	2111	1
300	2112	2
300	2113	3
300	2114	3
300	2115	6
300	2116	2
300	2117	3
300	2118	3
300	2119	3
300	2120	1
300	2121	3
300	2123	5
300	2124	4
300	2125	3
300	2126	6
300	2127	2
300	2128	4
300	2129	5
300	2130	4
300	2131	4
300	2132	4
300	2133	3
300	2134	3
300	2135	6
300	2136	11
300	2137	6
300	2138	4
300	2139	5
300	2140	9
300	2141	6
300	2142	4
300	2143	6
300	2144	5
300	2145	3
300	2146	6
300	2147	4
300	2148	5
300	2149	9
300	2150	7
300	2151	3
300	2152	6
300	2153	6
300	2154	9
300	2155	5
300	2156	8
300	2157	4
300	2158	8
300	2159	10
300	2160	7
300	2161	5
300	2162	7
300	2163	6
300	2164	10
300	2165	9
300	2166	6
300	2167	12
300	2168	13
300	2169	13
300	2170	10
300	2171	11
300	2172	10
300	2173	14
300	2174	14
300	2175	15
300	2176	17
300	2177	15
300	2178	10
300	2179	14
300	2180	14
300	2181	10
300	2182	10
300	2183	14
300	2184	17
300	2185	16
300	2186	4
300	2187	13
300	2188	10
300	2189	15
300	2190	17
300	2191	14
300	2192	9
300	2193	5
300	2194	3
300	2195	6
300	2196	2
300	2197	6
300	2198	9
300	2199	4
300	2200	11
300	2201	7
300	2202	9
300	2203	9
300	2204	6
300	2205	9
300	2206	8
300	2207	6
300	2208	8
300	2209	12
300	2210	10
300	2211	8
300	2212	10
300	2213	11
300	2214	14
300	2215	11
300	2216	9
300	2217	12
300	2218	15
300	2219	7
300	2220	18
300	2221	5
300	2222	2
300	2223	1
300	2224	1
300	2225	1
300	2226	2
300	2230	1
300	2231	1
300	2232	1
300	2233	1
300	2234	2
300	2235	1
300	2236	1
300	2237	2
300	2238	1
300	2243	1
300	2252	1
300	2266	1
300	2268	1
300	2270	1
300	2274	1
300	2277	1
300	2278	1
300	2321	1
300	2335	1
300	2357	1
300	2394	1
300	2450	1
300	3297	1
324	205	1
324	220	1
324	223	1
324	309	1
324	313	1
324	329	1
324	346	1
324	478	1
324	529	1
324	610	1
324	612	1
324	674	1
324	721	1
324	749	1
324	892	1
324	903	1
324	910	1
324	924	1
324	975	1
324	999	1
324	1039	1
324	1081	1
324	1088	1
324	1095	1
324	1146	1
324	1172	1
324	1241	1
324	1296	1
324	1322	1
324	1353	1
324	1360	1
324	1383	1
324	1428	1
324	1449	1
324	1504	1
324	1538	1
324	1544	1
324	1579	1
324	1580	1
324	1644	1
324	1683	1
324	1707	1
324	1799	1
324	1842	1
324	1857	1
324	1860	1
324	1862	1
324	1868	1
324	1883	1
324	1896	1
324	1899	1
324	1905	1
324	1911	1
324	1927	1
324	1930	1
324	1932	1
324	1936	1
324	1953	1
324	1966	1
324	1972	1
324	1981	1
324	1993	1
324	1995	1
324	1996	1
324	1998	1
324	2002	1
324	2005	1
324	2012	1
324	2014	1
324	2019	1
324	2020	1
324	2023	1
324	2024	1
324	2026	1
324	2027	1
324	2028	1
324	2030	1
324	2032	1
324	2040	1
324	2045	1
324	2046	1
324	2049	2
324	2050	2
324	2051	1
324	2052	1
324	2053	1
324	2060	1
324	2061	1
324	2062	1
324	2063	1
324	2064	2
324	2065	1
324	2066	1
324	2068	1
324	2071	2
324	2072	2
324	2074	3
324	2076	1
324	2079	3
324	2080	1
324	2081	1
324	2082	1
324	2083	1
324	2085	4
324	2086	3
324	2087	5
324	2088	1
324	2089	3
324	2090	1
324	2091	7
324	2092	3
324	2093	2
324	2094	2
324	2095	2
324	2096	5
324	2097	2
324	2098	2
324	2099	1
324	2100	1
324	2101	1
324	2103	1
324	2104	1
324	2105	1
324	2106	4
324	2109	3
324	2110	2
324	2111	1
324	2112	2
324	2113	3
324	2114	1
324	2115	3
324	2118	1
324	2119	2
324	2120	2
324	2121	3
324	2122	1
324	2123	3
324	2124	2
324	2125	3
324	2126	3
324	2127	2
324	2128	4
324	2129	8
324	2130	2
324	2131	3
324	2132	2
324	2133	3
324	2134	2
324	2135	1
324	2136	3
324	2137	7
324	2138	3
324	2139	3
324	2140	7
324	2141	9
324	2142	3
324	2143	4
324	2144	1
324	2145	2
324	2146	4
324	2147	7
324	2148	3
324	2149	5
324	2150	3
324	2151	9
324	2152	8
324	2153	7
324	2154	12
324	2155	2
324	2156	5
324	2157	4
324	2158	4
324	2159	7
324	2160	3
324	2161	5
324	2162	6
324	2163	4
324	2164	5
324	2165	11
324	2166	3
324	2167	8
324	2168	2
324	2169	6
324	2170	8
324	2171	11
324	2172	10
324	2173	7
324	2174	7
324	2175	8
324	2176	7
324	2177	9
324	2178	12
324	2179	19
324	2180	11
324	2181	13
324	2182	14
324	2183	17
324	2184	9
324	2185	10
324	2186	6
324	2187	11
324	2188	7
324	2189	15
324	2190	13
324	2191	8
324	2192	12
324	2193	3
324	2194	7
324	2195	6
324	2196	5
324	2197	6
324	2198	3
324	2199	6
324	2200	4
324	2201	2
324	2202	3
324	2203	5
324	2204	8
324	2205	6
324	2206	9
324	2207	10
324	2208	3
324	2209	10
324	2210	6
324	2211	10
324	2212	7
324	2213	11
324	2214	8
324	2215	11
324	2216	5
324	2217	5
324	2218	5
324	2219	8
324	2220	3
324	2221	5
324	2222	4
324	2223	2
324	2227	1
324	2228	1
324	2230	2
324	2231	1
324	2233	1
324	2234	1
324	2237	1
324	2239	1
324	2241	1
324	2245	1
324	2248	1
324	2250	2
324	2257	1
324	2271	1
324	2285	1
348	114	1
348	201	1
348	211	1
348	242	1
348	258	1
348	287	1
348	391	1
348	393	1
348	557	1
348	590	1
348	627	1
348	680	1
348	831	1
348	837	1
348	862	1
348	928	1
348	1034	1
348	1368	1
348	1392	1
348	1496	1
348	1564	1
348	1644	1
348	1683	1
348	1713	1
348	1716	1
348	1742	1
348	1744	1
348	1805	1
348	1851	1
348	1852	1
348	1860	1
348	1872	1
348	1884	1
348	1905	1
348	1911	1
348	1912	1
348	1927	1
348	1960	2
348	1979	1
348	1981	1
348	1990	1
348	1993	2
348	2002	1
348	2003	1
348	2004	1
348	2006	1
348	2007	1
348	2020	1
348	2023	2
348	2025	1
348	2031	1
348	2033	2
348	2034	2
348	2039	1
348	2040	1
348	2041	1
348	2045	1
348	2050	1
348	2051	1
348	2053	1
348	2054	2
348	2056	4
348	2058	1
348	2060	2
348	2064	2
348	2066	1
348	2067	2
348	2068	1
348	2074	1
348	2083	1
348	2084	1
348	2087	1
348	2092	1
348	2094	1
348	2095	1
348	2096	2
348	2097	2
348	2099	2
348	2100	1
348	2101	1
348	2102	1
348	2104	2
348	2106	4
348	2107	1
348	2108	1
348	2109	1
348	2111	1
348	2113	1
348	2114	1
348	2115	1
348	2116	3
348	2118	2
348	2119	1
348	2120	3
348	2123	4
348	2125	1
348	2126	2
348	2128	1
348	2129	3
348	2130	3
348	2131	3
348	2132	5
348	2133	1
348	2134	4
348	2135	2
348	2136	2
348	2137	4
348	2138	2
348	2139	1
348	2140	3
348	2141	6
348	2143	2
348	2144	5
348	2145	2
348	2146	3
348	2147	1
348	2148	5
348	2149	2
348	2150	3
348	2151	4
348	2152	1
348	2153	1
348	2154	2
348	2155	2
348	2156	4
348	2157	5
348	2158	1
348	2159	4
348	2160	2
348	2161	1
348	2162	2
348	2163	5
348	2164	3
348	2165	5
348	2166	4
348	2167	2
348	2168	8
348	2169	3
348	2170	10
348	2171	8
348	2172	5
348	2173	5
348	2174	11
348	2175	5
348	2176	7
348	2177	6
348	2178	6
348	2179	5
348	2180	5
348	2181	6
348	2182	3
348	2183	9
348	2184	6
348	2185	12
348	2186	5
348	2187	11
348	2188	10
348	2189	7
348	2190	7
348	2191	5
348	2192	7
348	2193	4
348	2194	5
348	2195	7
348	2196	3
348	2197	4
348	2198	3
348	2199	4
348	2200	3
348	2201	4
348	2202	4
348	2203	4
348	2204	6
348	2205	3
348	2206	10
348	2207	2
348	2208	3
348	2209	9
348	2210	6
348	2211	4
348	2212	3
348	2213	5
348	2214	8
348	2215	7
348	2216	6
348	2217	6
348	2218	7
348	2219	8
348	2220	1
348	2221	2
348	2222	4
348	2223	1
348	2224	2
348	2225	1
348	2228	3
348	2229	1
348	2231	1
348	2240	1
348	2241	1
348	2245	1
348	2249	1
348	2252	1
348	2261	1
348	2263	2
348	2267	1
372	52	1
372	190	1
372	338	1
372	422	1
372	549	1
372	667	1
372	791	1
372	933	1
372	1046	1
372	1140	1
372	1164	1
372	1298	1
372	1407	1
372	1447	1
372	1500	1
372	1543	1
372	1573	1
372	1632	1
372	1729	1
372	1826	1
372	1869	1
372	1874	1
372	1892	1
372	1904	1
372	1906	1
372	1919	1
372	1937	1
372	1982	1
372	1984	1
372	1992	1
372	1996	1
372	2017	1
372	2020	1
372	2022	1
372	2032	2
372	2033	1
372	2039	1
372	2041	1
372	2043	1
372	2044	1
372	2049	1
372	2055	1
372	2056	1
372	2064	1
372	2071	1
372	2072	1
372	2076	1
372	2078	1
372	2080	1
372	2081	1
372	2082	1
372	2083	1
372	2085	1
372	2086	1
372	2087	2
372	2089	1
372	2090	1
372	2092	1
372	2093	1
372	2095	2
372	2096	3
372	2097	2
372	2099	4
372	2103	1
372	2104	1
372	2105	2
372	2106	2
372	2109	2
372	2110	1
372	2111	3
372	2113	2
372	2114	1
372	2115	2
372	2116	2
372	2117	2
372	2118	1
372	2119	3
372	2121	1
372	2123	4
372	2124	1
372	2125	5
372	2126	1
372	2127	1
372	2128	3
372	2130	3
372	2132	2
372	2133	3
372	2134	2
372	2136	5
372	2137	1
372	2138	2
372	2139	4
372	2140	5
372	2142	2
372	2143	2
372	2144	5
372	2145	1
372	2147	6
372	2148	1
372	2151	6
372	2152	6
372	2153	3
372	2154	2
372	2155	5
372	2156	2
372	2157	3
372	2158	4
372	2159	5
372	2160	3
372	2161	3
372	2162	3
372	2163	7
372	2164	5
372	2165	6
372	2166	4
372	2167	6
372	2168	4
372	2169	8
372	2170	5
372	2171	7
372	2172	3
372	2173	7
372	2174	5
372	2175	2
372	2176	10
372	2177	5
372	2178	6
372	2179	11
372	2180	12
372	2181	8
372	2182	14
372	2183	5
372	2184	5
372	2185	4
372	2186	7
372	2187	5
372	2188	8
372	2189	5
372	2190	7
372	2191	3
372	2192	6
372	2193	4
372	2194	5
372	2195	4
372	2196	3
372	2197	4
372	2198	2
372	2199	4
372	2200	5
372	2202	1
372	2203	3
372	2204	3
372	2205	1
372	2206	2
372	2207	4
372	2208	7
372	2209	5
372	2210	5
372	2211	6
372	2212	3
372	2213	6
372	2214	2
372	2215	6
372	2216	7
372	2217	7
372	2218	4
372	2219	7
372	2220	4
372	2221	4
372	2222	3
372	2226	1
372	2227	1
372	2228	1
372	2229	1
372	2231	1
372	2235	1
372	2244	1
372	2304	1
372	2347	1
396	200	1
396	212	1
396	230	1
396	263	1
396	320	1
396	325	1
396	355	1
396	395	1
396	620	1
396	623	1
396	693	1
396	753	1
396	820	1
396	844	1
396	851	1
396	852	1
396	869	1
396	912	1
396	981	1
396	1051	1
396	1077	1
396	1115	1
396	1124	1
396	1168	1
396	1173	1
396	1188	1
396	1189	1
396	1198	1
396	1226	1
396	1271	1
396	1299	1
396	1303	1
396	1304	1
396	1319	1
396	1387	1
396	1394	1
396	1432	1
396	1477	1
396	1546	1
396	1642	1
396	1649	1
396	1671	1
396	1709	1
396	1712	1
396	1751	1
396	1779	1
396	1787	1
396	1804	1
396	1807	1
396	1817	1
396	1824	2
396	1841	1
396	1849	1
396	1867	2
396	1875	1
396	1892	1
396	1901	2
396	1903	1
396	1920	1
396	1933	1
396	1937	1
396	1951	1
396	1953	1
396	1959	1
396	1961	1
396	1962	1
396	1972	1
396	1973	2
396	1974	1
396	1977	1
396	1979	1
396	1980	1
396	1981	1
396	1983	1
396	1987	1
396	1990	1
396	1991	1
396	2001	1
396	2003	1
396	2005	1
396	2006	1
396	2011	1
396	2014	1
396	2016	1
396	2022	2
396	2027	1
396	2030	1
396	2033	1
396	2035	1
396	2036	1
396	2040	1
396	2041	2
396	2043	1
396	2044	1
396	2046	1
396	2047	1
396	2048	2
396	2049	2
396	2051	1
396	2052	2
396	2053	1
396	2054	1
396	2056	2
396	2058	2
396	2059	1
396	2060	1
396	2061	3
396	2062	2
396	2066	2
396	2067	2
396	2068	2
396	2069	1
396	2070	3
396	2071	2
396	2074	2
396	2076	2
396	2077	2
396	2078	2
396	2081	1
396	2082	1
396	2083	4
396	2084	1
396	2085	1
396	2086	1
396	2087	2
396	2088	2
396	2089	1
396	2091	1
396	2092	2
396	2093	1
396	2095	1
396	2096	3
396	2097	3
396	2098	5
396	2099	2
396	2101	1
396	2102	2
396	2103	4
396	2104	2
396	2105	1
396	2106	3
396	2107	5
396	2108	1
396	2109	1
396	2110	1
396	2111	5
396	2112	3
396	2113	1
396	2114	5
396	2115	2
396	2116	8
396	2117	4
396	2118	6
396	2119	4
396	2120	3
396	2121	2
396	2122	2
396	2123	3
396	2124	1
396	2125	3
396	2126	2
396	2127	2
396	2128	2
396	2129	3
396	2130	4
396	2131	6
396	2132	6
396	2133	3
396	2134	2
396	2135	9
396	2136	6
396	2137	1
396	2138	1
396	2139	4
396	2141	4
396	2142	4
396	2143	6
396	2144	6
396	2145	4
396	2146	3
396	2147	4
396	2148	6
396	2149	6
396	2150	5
396	2151	3
396	2152	9
396	2153	8
396	2154	4
396	2155	7
396	2156	5
396	2157	5
396	2158	4
396	2159	9
396	2160	8
396	2161	10
396	2162	7
396	2163	4
396	2164	5
396	2165	7
396	2166	9
396	2167	3
396	2168	7
396	2169	7
396	2170	5
396	2171	11
396	2172	9
396	2173	7
396	2174	6
396	2175	8
396	2176	4
396	2177	9
396	2178	11
396	2179	14
396	2180	8
396	2181	7
396	2182	6
396	2183	12
396	2184	8
396	2185	4
396	2186	10
396	2187	8
396	2188	8
396	2189	10
396	2190	10
396	2191	6
396	2192	5
396	2193	12
396	2194	6
396	2195	6
396	2196	10
396	2197	6
396	2198	9
396	2199	4
396	2200	11
396	2201	15
396	2202	5
396	2203	13
396	2204	7
396	2205	14
396	2206	10
396	2207	14
396	2208	15
396	2209	12
396	2210	18
396	2211	25
396	2212	19
396	2213	26
396	2214	23
396	2215	14
396	2216	22
396	2217	23
396	2218	13
396	2219	21
396	2220	17
396	2221	12
396	2222	10
396	2223	3
396	2224	2
396	2225	13
396	2226	3
396	2228	1
396	2229	1
396	2230	2
396	2232	3
396	2237	1
396	2238	1
396	2239	1
396	2241	2
396	2242	3
396	2246	1
396	2258	1
396	2259	1
396	2261	1
396	2267	1
396	2268	1
396	2269	1
396	2272	2
396	2282	1
396	2284	1
396	2286	1
396	2354	1
396	2375	1
396	2536	1
396	2802	1
408	239	1
408	289	1
408	296	1
408	389	1
408	430	1
408	444	1
408	580	1
408	618	1
408	638	1
408	725	1
408	748	1
408	766	1
408	768	1
408	792	1
408	796	1
408	800	1
408	816	1
408	830	1
408	878	1
408	913	1
408	984	1
408	1046	1
408	1085	1
408	1110	1
408	1291	1
408	1292	1
408	1295	1
408	1391	1
408	1443	1
408	1467	1
408	1483	1
408	1521	1
408	1528	1
408	1575	1
408	1593	1
408	1639	1
408	1666	1
408	1668	1
408	1685	1
408	1690	1
408	1706	1
408	1714	1
408	1747	1
408	1797	1
408	1825	1
408	1845	1
408	1881	1
408	1889	1
408	1911	1
408	1912	1
408	1916	1
408	1928	2
408	1934	1
408	1944	1
408	1949	1
408	1950	1
408	1954	1
408	1955	1
408	1958	1
408	1959	1
408	1960	1
408	1961	1
408	1965	1
408	1973	1
408	1980	1
408	1982	1
408	1983	1
408	1984	1
408	1991	1
408	1992	1
408	1996	1
408	1997	1
408	2000	2
408	2001	1
408	2006	2
408	2013	1
408	2022	2
408	2027	2
408	2028	1
408	2030	2
408	2034	1
408	2035	1
408	2038	1
408	2040	1
408	2041	2
408	2042	1
408	2043	2
408	2047	1
408	2049	1
408	2051	2
408	2052	1
408	2053	3
408	2056	1
408	2057	3
408	2058	1
408	2059	1
408	2060	1
408	2062	4
408	2063	1
408	2067	1
408	2068	2
408	2069	2
408	2070	2
408	2071	5
408	2072	1
408	2073	2
408	2078	2
408	2080	1
408	2082	3
408	2083	1
408	2084	2
408	2085	1
408	2086	1
408	2088	2
408	2089	1
408	2091	1
408	2092	2
408	2093	1
408	2095	3
408	2096	3
408	2099	2
408	2100	1
408	2101	3
408	2102	3
408	2103	4
408	2104	1
408	2105	3
408	2106	5
408	2107	5
408	2108	1
408	2109	4
408	2110	1
408	2111	2
408	2112	4
408	2113	1
408	2114	1
408	2115	3
408	2116	4
408	2117	4
408	2118	1
408	2119	5
408	2120	3
408	2121	3
408	2122	2
408	2123	2
408	2125	6
408	2127	1
408	2128	3
408	2129	4
408	2130	3
408	2131	4
408	2132	6
408	2133	1
408	2134	4
408	2135	2
408	2136	6
408	2137	4
408	2138	8
408	2139	2
408	2140	3
408	2141	6
408	2142	3
408	2143	5
408	2144	4
408	2145	5
408	2146	6
408	2147	5
408	2148	9
408	2149	2
408	2150	4
408	2151	6
408	2152	5
408	2153	4
408	2154	5
408	2155	7
408	2156	5
408	2157	7
408	2158	9
408	2159	3
408	2160	5
408	2161	2
408	2162	9
408	2163	6
408	2164	3
408	2165	10
408	2166	9
408	2167	9
408	2168	8
408	2169	8
408	2170	6
408	2171	12
408	2172	6
408	2173	12
408	2174	11
408	2175	10
408	2176	11
408	2177	9
408	2178	9
408	2179	11
408	2180	15
408	2181	19
408	2182	19
408	2183	12
408	2184	14
408	2185	15
408	2186	17
408	2187	12
408	2188	18
408	2189	15
408	2190	8
408	2191	11
408	2192	12
408	2193	2
408	2194	6
408	2195	7
408	2196	8
408	2197	9
408	2198	6
408	2199	9
408	2200	3
408	2201	10
408	2202	5
408	2203	6
408	2204	7
408	2205	10
408	2206	6
408	2207	7
408	2208	8
408	2209	4
408	2210	8
408	2211	10
408	2212	11
408	2213	15
408	2214	8
408	2215	10
408	2216	9
408	2217	10
408	2218	13
408	2219	8
408	2220	4
408	2221	7
408	2222	3
408	2223	4
408	2224	2
408	2226	1
408	2227	2
408	2228	1
408	2229	1
408	2230	4
408	2231	1
408	2234	1
408	2236	1
408	2238	1
408	2243	1
408	2248	2
408	2255	1
408	2257	1
408	2297	1
408	2323	1
408	2343	1
432	64	1
432	113	1
432	173	1
432	294	1
432	403	1
432	405	1
432	418	1
432	443	1
432	465	1
432	556	1
432	557	1
432	564	1
432	566	1
432	585	1
432	661	1
432	733	1
432	765	1
432	795	1
432	901	1
432	904	1
432	992	1
432	1041	1
432	1098	1
432	1104	1
432	1150	1
432	1167	1
432	1175	1
432	1191	1
432	1219	1
432	1235	1
432	1251	1
432	1287	1
432	1288	1
432	1403	1
432	1443	1
432	1495	1
432	1598	1
432	1603	1
432	1662	1
432	1672	1
432	1697	1
432	1714	1
432	1738	1
432	1748	1
432	1756	1
432	1757	1
432	1780	1
432	1789	1
432	1793	1
432	1797	1
432	1800	1
432	1802	1
432	1805	1
432	1815	1
432	1831	1
432	1855	1
432	1863	1
432	1876	1
432	1880	1
432	1881	1
432	1883	1
432	1889	1
432	1899	1
432	1905	1
432	1917	1
432	1926	1
432	1951	1
432	1955	1
432	1966	1
432	1970	2
432	1971	1
432	1977	2
432	1985	1
432	1993	1
432	2000	1
432	2001	1
432	2006	1
432	2010	2
432	2019	1
432	2021	1
432	2024	2
432	2025	1
432	2026	1
432	2028	2
432	2029	1
432	2037	1
432	2038	1
432	2042	1
432	2043	3
432	2045	1
432	2050	1
432	2051	1
432	2052	1
432	2053	2
432	2054	2
432	2055	1
432	2056	4
432	2057	2
432	2060	1
432	2061	2
432	2062	2
432	2064	2
432	2067	2
432	2068	1
432	2069	1
432	2070	2
432	2071	1
432	2072	2
432	2073	1
432	2074	3
432	2076	2
432	2077	1
432	2078	1
432	2079	1
432	2081	1
432	2082	1
432	2083	2
432	2084	2
432	2085	2
432	2086	5
432	2087	4
432	2088	2
432	2089	1
432	2090	2
432	2091	2
432	2092	3
432	2093	3
432	2094	3
432	2095	2
432	2096	4
432	2097	2
432	2098	3
432	2099	1
432	2100	2
432	2101	5
432	2102	2
432	2103	2
432	2104	3
432	2105	2
432	2106	1
432	2107	4
432	2108	2
432	2109	4
432	2110	4
432	2111	5
432	2112	5
432	2113	8
432	2114	4
432	2115	4
432	2116	3
432	2117	2
432	2118	5
432	2119	5
432	2120	1
432	2121	3
432	2122	4
432	2123	3
432	2124	3
432	2125	2
432	2126	2
432	2127	5
432	2128	6
432	2129	3
432	2130	4
432	2131	6
432	2132	3
432	2133	7
432	2134	3
432	2135	4
432	2136	4
432	2137	1
432	2138	5
432	2139	7
432	2140	9
432	2141	1
432	2142	4
432	2143	5
432	2144	6
432	2145	13
432	2146	6
432	2147	3
432	2148	4
432	2149	3
432	2150	11
432	2151	10
432	2152	4
432	2153	7
432	2154	4
432	2155	10
432	2156	9
432	2157	10
432	2158	8
432	2159	7
432	2160	7
432	2161	1
432	2162	5
432	2163	8
432	2164	13
432	2165	13
432	2166	8
432	2167	6
432	2168	8
432	2169	11
432	2170	14
432	2171	12
432	2172	17
432	2173	8
432	2174	14
432	2175	11
432	2176	11
432	2177	10
432	2178	14
432	2179	16
432	2180	19
432	2181	15
432	2182	10
432	2183	16
432	2184	12
432	2185	20
432	2186	14
432	2187	12
432	2188	19
432	2189	14
432	2190	15
432	2191	11
432	2192	10
432	2193	14
432	2194	6
432	2195	5
432	2196	11
432	2197	12
432	2198	5
432	2199	6
432	2200	11
432	2201	7
432	2202	4
432	2203	8
432	2204	4
432	2205	8
432	2206	7
432	2207	10
432	2208	5
432	2209	12
432	2210	9
432	2211	12
432	2212	13
432	2213	9
432	2214	13
432	2215	10
432	2216	14
432	2217	10
432	2218	11
432	2219	7
432	2220	13
432	2221	8
432	2222	7
432	2223	3
432	2224	1
432	2225	2
432	2228	1
432	2229	1
432	2232	1
432	2235	1
432	2236	1
432	2244	1
432	2246	1
432	2284	1
432	2299	1
456	179	1
456	204	1
456	237	1
456	241	1
456	258	1
456	298	1
456	344	1
456	416	1
456	430	1
456	447	1
456	482	1
456	525	1
456	526	1
456	538	1
456	542	1
456	564	1
456	573	2
456	589	1
456	650	1
456	686	1
456	730	1
456	739	1
456	771	2
456	804	1
456	813	1
456	815	1
456	830	1
456	885	1
456	949	1
456	999	1
456	1062	1
456	1083	1
456	1098	1
456	1144	1
456	1154	1
456	1157	1
456	1199	1
456	1231	1
456	1235	1
456	1243	1
456	1248	1
456	1291	1
456	1326	1
456	1330	1
456	1344	1
456	1374	1
456	1441	1
456	1484	1
456	1497	1
456	1507	1
456	1543	1
456	1564	1
456	1581	1
456	1632	1
456	1658	1
456	1700	1
456	1709	1
456	1741	1
456	1745	1
456	1761	1
456	1837	1
456	1845	1
456	1852	1
456	1877	1
456	1878	1
456	1886	1
456	1896	1
456	1901	1
456	1904	1
456	1915	1
456	1920	1
456	1938	1
456	1944	1
456	1949	1
456	1956	1
456	1974	1
456	1978	2
456	1984	1
456	1985	2
456	1991	1
456	1992	1
456	1997	1
456	2011	1
456	2013	1
456	2015	5
456	2016	1
456	2018	1
456	2020	1
456	2022	3
456	2027	1
456	2028	4
456	2030	1
456	2032	1
456	2033	2
456	2034	2
456	2038	2
456	2041	2
456	2042	1
456	2044	1
456	2047	2
456	2049	1
456	2050	2
456	2051	1
456	2052	1
456	2054	3
456	2055	2
456	2056	1
456	2057	2
456	2058	1
456	2059	1
456	2061	3
456	2062	1
456	2065	1
456	2066	3
456	2070	2
456	2071	3
456	2072	1
456	2073	1
456	2074	1
456	2075	4
456	2077	1
456	2078	2
456	2079	1
456	2081	1
456	2082	3
456	2083	2
456	2084	1
456	2085	1
456	2086	1
456	2087	1
456	2088	4
456	2089	6
456	2090	3
456	2091	4
456	2092	2
456	2093	2
456	2094	2
456	2095	4
456	2096	2
456	2097	1
456	2098	2
456	2099	4
456	2101	2
456	2102	2
456	2103	2
456	2104	2
456	2105	1
456	2106	3
456	2107	1
456	2108	3
456	2110	5
456	2111	1
456	2113	4
456	2114	1
456	2115	1
456	2116	1
456	2117	4
456	2118	6
456	2119	3
456	2120	2
456	2121	1
456	2122	5
456	2123	4
456	2124	3
456	2125	4
456	2126	3
456	2127	5
456	2128	1
456	2129	2
456	2131	3
456	2132	4
456	2133	4
456	2134	1
456	2135	3
456	2136	8
456	2137	3
456	2138	5
456	2139	2
456	2140	6
456	2141	4
456	2142	3
456	2143	4
456	2144	1
456	2145	7
456	2147	5
456	2148	3
456	2149	3
456	2150	3
456	2151	4
456	2153	4
456	2154	7
456	2155	2
456	2156	2
456	2157	10
456	2158	2
456	2159	6
456	2160	3
456	2161	6
456	2162	8
456	2163	1
456	2164	5
456	2165	5
456	2166	11
456	2167	4
456	2168	8
456	2169	8
456	2170	7
456	2171	8
456	2172	11
456	2173	12
456	2174	5
456	2175	9
456	2176	8
456	2177	4
456	2178	10
456	2179	5
456	2180	5
456	2181	6
456	2182	13
456	2183	13
456	2184	14
456	2185	8
456	2186	12
456	2187	12
456	2188	5
456	2189	7
456	2190	9
456	2191	14
456	2192	9
456	2193	10
456	2194	12
456	2195	3
456	2196	11
456	2197	5
456	2198	6
456	2199	7
456	2200	12
456	2201	14
456	2202	10
456	2203	13
456	2204	8
456	2205	5
456	2206	7
456	2207	15
456	2208	11
456	2209	25
456	2210	18
456	2211	19
456	2212	18
456	2213	13
456	2214	15
456	2215	18
456	2216	14
456	2217	16
456	2218	23
456	2219	20
456	2220	18
456	2221	13
456	2222	16
456	2223	5
456	2224	3
456	2225	11
456	2226	2
456	2227	1
456	2228	4
456	2229	3
456	2230	3
456	2231	1
456	2232	4
456	2233	3
456	2234	1
456	2235	1
456	2237	2
456	2238	1
456	2239	1
456	2241	1
456	2242	1
456	2244	2
456	2246	1
456	2247	1
456	2249	1
456	2251	1
456	2253	1
456	2254	1
456	2256	1
456	2266	1
456	2267	2
456	2271	1
456	2291	1
456	2293	1
456	2299	1
456	2306	1
456	2355	1
456	2361	1
480	154	1
480	206	1
480	211	1
480	215	1
480	251	1
480	387	1
480	388	1
480	437	1
480	453	1
480	483	1
480	535	1
480	541	1
480	551	1
480	559	1
480	566	1
480	589	1
480	611	1
480	617	1
480	635	1
480	646	1
480	651	1
480	676	1
480	683	1
480	697	1
480	735	1
480	741	1
480	897	1
480	982	1
480	992	1
480	994	1
480	1015	1
480	1022	1
480	1029	1
480	1071	1
480	1073	1
480	1112	1
480	1128	1
480	1132	1
480	1191	1
480	1201	1
480	1214	1
480	1217	1
480	1218	1
480	1335	1
480	1401	1
480	1426	1
480	1452	1
480	1474	1
480	1475	1
480	1536	1
480	1572	1
480	1639	1
480	1671	1
480	1702	1
480	1720	1
480	1731	1
480	1732	1
480	1737	1
480	1745	1
480	1749	1
480	1802	1
480	1812	1
480	1821	1
480	1865	1
480	1866	1
480	1868	1
480	1872	1
480	1877	1
480	1880	1
480	1889	1
480	1895	1
480	1901	1
480	1904	1
480	1909	1
480	1917	1
480	1927	2
480	1932	1
480	1933	1
480	1934	1
480	1940	1
480	1942	1
480	1944	1
480	1946	1
480	1949	1
480	1957	1
480	1958	1
480	1959	1
480	1960	2
480	1974	1
480	1978	1
480	1979	1
480	1981	1
480	1982	1
480	1989	1
480	1995	1
480	1996	1
480	1998	1
480	2000	2
480	2002	1
480	2005	2
480	2008	1
480	2010	1
480	2011	1
480	2014	2
480	2015	1
480	2017	1
480	2028	1
480	2029	1
480	2032	2
480	2033	1
480	2034	1
480	2037	1
480	2038	1
480	2039	2
480	2042	2
480	2044	3
480	2045	2
480	2047	1
480	2048	2
480	2050	1
480	2051	1
480	2052	1
480	2054	1
480	2057	1
480	2058	3
480	2059	2
480	2060	1
480	2061	1
480	2062	5
480	2064	3
480	2067	4
480	2068	3
480	2070	1
480	2071	2
480	2075	1
480	2076	1
480	2077	2
480	2078	1
480	2079	1
480	2080	1
480	2081	1
480	2082	1
480	2083	1
480	2085	1
480	2086	2
480	2087	1
480	2088	3
480	2089	1
480	2091	2
480	2092	3
480	2093	3
480	2094	4
480	2095	2
480	2096	1
480	2097	1
480	2098	2
480	2099	4
480	2101	1
480	2102	5
480	2103	2
480	2104	3
480	2105	3
480	2107	4
480	2108	2
480	2109	2
480	2110	4
480	2111	3
480	2112	3
480	2114	5
480	2115	1
480	2116	4
480	2117	4
480	2118	1
480	2119	2
480	2120	4
480	2122	4
480	2123	4
480	2124	3
480	2125	5
480	2126	4
480	2127	3
480	2128	1
480	2129	5
480	2130	2
480	2131	10
480	2132	2
480	2133	6
480	2135	3
480	2136	8
480	2137	2
480	2138	6
480	2139	4
480	2140	7
480	2141	6
480	2142	9
480	2143	3
480	2144	7
480	2145	10
480	2146	10
480	2147	4
480	2148	3
480	2149	7
480	2150	2
480	2151	6
480	2152	6
480	2153	5
480	2154	7
480	2155	7
480	2156	7
480	2157	8
480	2158	9
480	2159	5
480	2160	12
480	2161	8
480	2162	2
480	2163	10
480	2164	15
480	2165	11
480	2166	13
480	2167	7
480	2168	10
480	2169	13
480	2170	13
480	2171	8
480	2172	6
480	2173	10
480	2174	17
480	2175	5
480	2176	19
480	2177	10
480	2178	16
480	2179	10
480	2180	9
480	2181	16
480	2182	14
480	2183	19
480	2184	16
480	2185	26
480	2186	13
480	2187	20
480	2188	15
480	2189	15
480	2190	15
480	2191	12
480	2192	8
480	2193	6
480	2194	6
480	2195	10
480	2196	6
480	2197	11
480	2198	4
480	2199	11
480	2200	7
480	2201	9
480	2202	7
480	2203	9
480	2204	9
480	2205	7
480	2206	8
480	2207	9
480	2208	9
480	2209	9
480	2210	8
480	2211	10
480	2212	9
480	2213	13
480	2214	8
480	2215	9
480	2216	15
480	2217	9
480	2218	7
480	2219	9
480	2220	7
480	2221	11
480	2222	3
480	2223	6
480	2224	6
480	2225	1
480	2226	2
480	2228	2
480	2229	2
480	2233	1
480	2236	2
480	2237	1
480	2238	1
480	2240	1
480	2245	1
480	2250	1
480	2256	1
480	2281	1
480	2350	1
504	70	1
504	71	2
504	134	2
504	184	1
504	278	1
504	320	1
504	324	1
504	344	1
504	359	1
504	387	1
504	404	1
504	426	1
504	456	1
504	463	1
504	569	1
504	612	1
504	664	1
504	686	1
504	690	1
504	692	1
504	711	1
504	751	1
504	814	1
504	852	1
504	854	1
504	1022	1
504	1034	1
504	1083	1
504	1110	1
504	1141	1
504	1144	1
504	1224	1
504	1311	1
504	1349	1
504	1474	1
504	1576	1
504	1594	1
504	1611	1
504	1636	1
504	1658	1
504	1697	1
504	1699	1
504	1759	1
504	1772	1
504	1807	1
504	1818	1
504	1823	1
504	1842	1
504	1857	1
504	1891	1
504	1899	1
504	1904	1
504	1907	1
504	1910	1
504	1913	1
504	1917	1
504	1931	1
504	1947	1
504	1952	1
504	1962	2
504	1968	1
504	1973	1
504	1974	1
504	1981	1
504	1984	1
504	1986	1
504	1988	2
504	1989	1
504	1991	1
504	1992	1
504	1993	2
504	1995	1
504	1998	1
504	2004	1
504	2009	1
504	2012	1
504	2014	2
504	2015	1
504	2016	1
504	2018	1
504	2020	3
504	2023	1
504	2024	1
504	2025	3
504	2031	1
504	2032	1
504	2033	2
504	2036	1
504	2037	1
504	2039	1
504	2040	3
504	2041	1
504	2048	1
504	2051	1
504	2052	1
504	2055	2
504	2058	1
504	2059	1
504	2062	1
504	2063	3
504	2065	1
504	2066	1
504	2067	1
504	2069	3
504	2070	1
504	2071	1
504	2072	1
504	2073	1
504	2075	1
504	2076	3
504	2077	2
504	2078	1
504	2079	2
504	2082	3
504	2083	1
504	2084	2
504	2085	3
504	2086	2
504	2087	2
504	2088	2
504	2090	1
504	2091	1
504	2092	1
504	2094	3
504	2095	1
504	2096	1
504	2097	2
504	2098	2
504	2099	1
504	2100	2
504	2101	5
504	2102	1
504	2103	3
504	2106	4
504	2107	3
504	2108	2
504	2109	3
504	2110	3
504	2111	1
504	2112	6
504	2113	2
504	2114	2
504	2115	3
504	2116	2
504	2117	1
504	2118	3
504	2119	3
504	2120	1
504	2121	1
504	2122	2
504	2123	3
504	2124	3
504	2125	1
504	2126	2
504	2127	1
504	2129	4
504	2130	1
504	2131	3
504	2133	3
504	2134	3
504	2135	2
504	2136	3
504	2137	5
504	2138	8
504	2139	5
504	2140	5
504	2141	3
504	2142	3
504	2143	4
504	2144	2
504	2145	5
504	2146	1
504	2147	5
504	2148	4
504	2149	7
504	2150	6
504	2151	2
504	2152	5
504	2153	5
504	2154	3
504	2155	5
504	2156	4
504	2157	7
504	2158	9
504	2159	3
504	2160	3
504	2161	9
504	2162	2
504	2163	3
504	2164	7
504	2165	12
504	2166	7
504	2167	7
504	2168	7
504	2169	10
504	2170	10
504	2171	7
504	2172	12
504	2173	7
504	2174	8
504	2175	12
504	2176	5
504	2177	14
504	2178	10
504	2179	8
504	2180	9
504	2181	6
504	2182	10
504	2183	9
504	2184	12
504	2185	16
504	2186	14
504	2187	15
504	2188	17
504	2189	16
504	2190	7
504	2191	8
504	2192	7
504	2193	7
504	2194	3
504	2195	3
504	2196	6
504	2197	7
504	2198	7
504	2199	5
504	2200	2
504	2201	4
504	2202	4
504	2203	5
504	2204	5
504	2205	4
504	2206	2
504	2207	6
504	2208	1
504	2209	7
504	2210	9
504	2211	11
504	2212	8
504	2213	7
504	2214	9
504	2215	11
504	2216	10
504	2217	12
504	2218	11
504	2219	9
504	2220	5
504	2221	5
504	2222	3
504	2224	3
504	2225	3
504	2227	2
504	2228	2
504	2231	1
504	2236	1
504	2251	1
504	2252	1
504	2254	1
504	2260	1
504	2262	1
504	2301	1
504	2347	1
504	2533	1
504	2568	1
528	239	1
528	476	1
528	516	1
528	583	1
528	647	1
528	678	1
528	733	1
528	848	1
528	908	1
528	953	1
528	1169	1
528	1192	1
528	1236	1
528	1268	1
528	1280	1
528	1294	1
528	1335	1
528	1389	1
528	1475	1
528	1513	1
528	1569	1
528	1616	1
528	1671	1
528	1808	1
528	1809	1
528	1823	1
528	1828	2
528	1845	1
528	1854	1
528	1860	1
528	1863	1
528	1877	1
528	1878	1
528	1885	1
528	1892	1
528	1932	1
528	1953	1
528	1957	1
528	1963	1
528	1966	1
528	1970	1
528	1971	1
528	1975	1
528	1980	1
528	1982	1
528	1988	1
528	1994	1
528	1995	1
528	2002	1
528	2004	1
528	2007	1
528	2010	1
528	2011	1
528	2022	1
528	2031	1
528	2032	3
528	2033	1
528	2036	1
528	2038	1
528	2040	1
528	2045	1
528	2048	1
528	2049	1
528	2051	1
528	2053	1
528	2054	1
528	2055	1
528	2056	1
528	2057	2
528	2059	1
528	2063	2
528	2066	1
528	2067	1
528	2069	2
528	2075	2
528	2078	1
528	2081	1
528	2084	3
528	2085	1
528	2086	1
528	2087	2
528	2092	1
528	2093	1
528	2094	2
528	2095	2
528	2096	2
528	2097	2
528	2098	1
528	2099	1
528	2100	1
528	2101	2
528	2102	2
528	2105	2
528	2106	1
528	2108	2
528	2109	2
528	2110	1
528	2111	2
528	2112	1
528	2113	2
528	2114	3
528	2115	4
528	2116	5
528	2117	2
528	2118	2
528	2119	2
528	2120	1
528	2121	2
528	2122	3
528	2123	2
528	2124	2
528	2125	3
528	2126	5
528	2127	1
528	2128	2
528	2129	4
528	2130	2
528	2131	2
528	2133	4
528	2134	3
528	2135	3
528	2136	1
528	2137	3
528	2138	1
528	2139	2
528	2140	3
528	2141	2
528	2142	3
528	2143	4
528	2144	4
528	2146	1
528	2147	3
528	2148	2
528	2149	3
528	2150	1
528	2151	4
528	2152	5
528	2153	2
528	2154	3
528	2155	2
528	2156	4
528	2157	3
528	2158	5
528	2159	5
528	2160	2
528	2161	2
528	2162	3
528	2163	6
528	2164	4
528	2165	9
528	2166	5
528	2167	4
528	2168	7
528	2169	8
528	2170	7
528	2171	12
528	2172	4
528	2173	9
528	2174	7
528	2175	7
528	2176	11
528	2177	12
528	2178	5
528	2179	6
528	2180	9
528	2181	12
528	2182	14
528	2183	8
528	2184	7
528	2185	6
528	2186	9
528	2187	12
528	2188	13
528	2189	7
528	2190	8
528	2191	6
528	2192	6
528	2193	2
528	2194	6
528	2195	3
528	2196	5
528	2197	6
528	2198	4
528	2199	4
528	2200	7
528	2201	3
528	2202	4
528	2203	5
528	2204	1
528	2205	2
528	2206	4
528	2207	7
528	2208	4
528	2209	5
528	2210	4
528	2211	11
528	2212	5
528	2213	4
528	2214	7
528	2215	4
528	2216	5
528	2217	9
528	2218	5
528	2219	7
528	2220	2
528	2221	4
528	2222	1
528	2223	2
528	2224	1
528	2226	1
528	2227	1
528	2228	1
528	2230	1
528	2233	1
528	2238	1
528	2242	1
528	2246	1
528	2254	1
528	2255	1
528	2271	1
528	2345	1
